,Country Name,2000,2001,2002,2003,2004,2005,2006,2007,2008,2009,2010,2011,2012,2013,2014,2015,2016,2017,2018,2019,2020,2021,2022,2023,2024
0,Aruba,0.2,0.2,0.2,0.2,0.2,0.2,0.2,0.2,0.2,0.3,5.5,5.7,6.9,6.9,6.9,6.7,7.0,6.8,8.6,8.3,9.1,8.8,8.8,,
1,Africa Eastern and Southern,65.38586653,65.81736278,65.09928118,64.6151242,63.67803507,63.10909827,62.73812357,61.50516866,61.90802661,61.30460063,62.87638681,62.80527916,61.4099643,60.80179905,61.23588169,61.67027805,61.82288419,61.42694976,61.58752983,62.69070961,65.7823798,,,,
2,Afghanistan,45.0,45.6,37.8,36.7,44.2,33.9,31.9,28.8,21.2,16.5,15.2,12.6,15.4,16.9,19.1,17.7,20.2,19.5,18.3,18.9,18.2,20.0,20.0,,
3,Africa Western and Central,83.10151249,81.93924286,81.73552798,80.71044977,80.79053673,80.93403364,81.87330983,82.33001495,81.21117027,82.39021326,80.68780622,79.28228706,78.48123,76.70149874,75.74100888,76.18167052,75.79683983,76.10168059,75.47657774,75.07878817,75.8469801,,,,
4,Angola,73.8,72.8,70.8,65.6,62.3,68.9,62.6,58.9,55.4,53.0,53.1,51.7,49.0,46.8,47.5,47.1,48.1,52.5,52.5,51.0,60.1,52.9,,,
5,Albania,41.4,39.0,35.8,33.7,35.8,36.8,31.6,32.0,35.8,37.1,37.0,35.8,39.9,41.1,38.6,38.5,39.4,36.9,37.8,40.1,44.4,41.9,,,
6,Andorra,14.5,15.4,15.8,16.5,16.6,16.6,17.6,16.6,17.0,17.1,18.7,18.6,18.8,19.1,19.4,19.0,18.9,18.0,17.6,17.2,20.9,18.4,18.7,,
7,Arab World,6.686209179,6.515987352,6.359882262,6.465954946,6.741183514,6.404486709,6.195647096,5.600045779,5.131308702,5.055222382,4.835621592,4.659462839,4.444282183,4.483237394,4.351372451,4.214969412,4.290777562,4.358161798,4.504258234,4.70633158,5.170600734,,,,
8,United Arab Emirates,0.1,0.1,0.1,0.1,0.1,0.1,0.1,0.1,0.1,0.1,0.1,0.1,0.1,0.1,0.1,0.1,0.1,0.2,0.3,0.7,0.9,1.0,,,
9,Argentina,9.8,11.5,11.6,10.8,9.3,9.6,9.2,7.7,7.7,8.6,8.8,8.8,8.6,8.9,9.8,9.4,9.4,10.4,10.5,10.7,9.8,9.2,,,
10,Armenia,7.2,5.4,8.9,9.8,8.7,6.5,7.7,7.0,6.4,7.8,9.4,8.0,6.6,6.8,7.1,10.7,13.2,12.6,11.1,10.3,8.4,9.1,,,
11,American Samoa,0.0,0.0,0.0,0.0,0.0,0.0,0.0,0.0,0.0,0.0,0.0,0.0,0.1,0.2,0.2,0.2,0.2,0.3,0.3,0.4,0.4,0.4,0.4,,
12,Antigua and Barbuda,0.0,0.0,0.0,0.0,0.0,0.0,0.0,0.0,0.0,0.0,0.0,0.1,0.1,0.1,0.1,0.4,0.4,0.4,0.7,0.7,0.9,0.9,0.9,,
13,Australia,8.4,8.4,8.7,7.2,6.7,6.7,6.8,7.0,6.8,7.1,8.2,8.3,8.3,9.2,9.3,9.4,9.6,9.9,9.8,10.3,11.2,12.3,,,
14,Austria,26.4,25.5,24.7,22.6,23.2,24.4,26.6,29.0,29.7,31.3,31.1,31.6,34.4,34.6,35.7,34.8,34.6,34.0,34.1,34.0,35.8,36.0,,,
15,Azerbaijan,2.1,1.8,2.4,2.9,3.1,3.4,2.9,3.8,3.1,3.3,4.4,3.5,2.8,2.5,2.1,2.3,1.9,1.9,1.9,1.7,1.3,1.3,,,
16,Burundi,93.2,94.7,94.6,95.8,96.0,96.0,95.3,95.3,95.0,94.6,93.2,92.1,91.7,90.8,91.3,91.2,89.6,88.2,85.7,84.8,83.4,83.1,83.0,,
17,Belgium,1.4,1.6,1.7,1.9,2.0,2.5,2.9,3.4,4.0,4.9,6.2,6.7,7.7,8.3,9.1,9.4,9.2,9.7,10.7,10.2,12.3,11.7,,,
18,Benin,70.3,66.9,64.0,61.7,60.7,59.2,57.3,54.5,54.8,52.8,47.2,48.7,50.3,52.0,51.0,49.9,45.4,45.4,44.0,46.5,46.2,54.5,,,
19,Burkina Faso,83.9,81.7,81.8,80.8,82.0,85.4,84.8,82.9,83.5,83.3,82.1,81.4,79.2,78.7,78.9,78.8,77.1,74.6,73.7,72.7,73.1,71.2,71.4,,
20,Bangladesh,60.2,55.9,54.4,52.6,52.0,50.6,48.6,47.2,45.2,43.1,40.3,38.4,37.3,37.0,35.4,33.1,30.2,28.1,27.0,26.1,27.2,25.0,,,
21,Bulgaria,8.0,7.2,8.7,9.2,9.6,9.8,10.0,8.8,9.9,11.6,14.3,13.2,15.6,18.2,17.1,17.9,17.7,17.1,19.6,19.3,21.1,20.4,,,
22,Bahrain,0.0,0.0,0.0,0.0,0.0,0.0,0.0,0.0,0.0,0.0,0.0,0.0,0.0,0.0,0.0,0.0,0.0,0.0,0.0,0.0,0.0,0.0,,,
23,"Bahamas, The",0.0,0.4,0.4,1.5,1.6,1.7,2.0,3.5,2.0,1.5,1.3,1.4,1.4,1.4,1.4,1.4,1.2,1.1,1.1,1.1,1.4,1.1,1.1,,
24,Bosnia and Herzegovina,19.4,20.3,21.2,20.1,20.1,19.7,18.1,14.8,14.3,17.4,19.6,14.2,15.3,19.5,23.6,25.2,23.0,18.5,35.4,36.8,37.7,36.6,,,
25,Belarus,5.7,6.3,6.5,6.2,6.3,6.8,7.2,7.3,7.1,7.4,7.3,7.5,7.2,7.0,6.7,6.8,6.7,7.3,7.2,7.8,8.4,8.2,,,
26,Belize,34.5,23.9,25.7,24.4,26.3,25.6,32.7,28.0,29.8,25.1,29.4,42.2,47.9,38.0,37.4,30.3,33.3,37.2,35.5,30.4,31.4,26.6,30.8,,
27,Bermuda,0.5,0.5,0.5,0.5,0.5,0.5,0.4,0.5,0.5,0.4,0.4,0.4,0.4,1.5,0.4,0.6,1.1,0.6,0.7,0.8,0.9,0.9,0.9,,
28,Bolivia,29.2,29.0,28.1,27.0,25.8,24.6,23.7,22.1,21.3,20.6,19.9,18.1,17.4,16.0,15.0,14.2,13.6,14.3,14.3,13.5,16.9,12.8,,,
29,Brazil,42.7,41.3,42.9,45.1,45.2,46.1,46.7,47.2,47.0,48.9,46.8,45.2,43.5,42.3,41.7,43.7,45.4,45.3,46.9,47.5,50.0,46.5,,,
30,Barbados,11.9,10.8,9.8,8.6,8.7,8.7,8.8,8.6,7.6,8.5,8.2,4.1,3.8,3.1,3.0,3.0,2.8,4.3,4.9,3.4,4.7,5.5,5.5,,
31,Brunei Darussalam,0.0,0.0,0.0,0.0,0.0,0.0,0.0,0.0,0.0,0.0,0.0,0.0,0.0,0.0,0.0,0.0,0.0,0.0,0.0,0.0,0.0,0.0,,,
32,Bhutan,91.4,90.2,89.7,89.7,90.9,88.7,91.6,92.0,87.8,87.8,84.8,84.9,82.8,81.7,82.1,81.6,80.8,79.7,80.0,81.0,83.9,81.8,82.5,,
33,Botswana,38.5,37.5,36.1,36.2,34.3,33.0,31.8,29.0,27.8,28.9,29.9,28.9,27.8,26.7,25.8,26.1,26.7,26.7,25.6,26.2,27.7,27.4,,,
34,Central African Republic,88.9,88.9,89.2,90.2,90.6,91.0,90.8,90.9,93.6,93.9,93.8,93.3,93.1,95.1,94.8,92.9,92.1,91.6,91.4,91.3,90.9,90.9,90.9,,
35,Canada,20.3,19.8,20.1,19.7,20.4,21.6,21.5,21.6,21.6,22.2,21.4,21.5,21.8,22.2,22.2,22.3,22.1,22.8,22.3,22.4,23.9,23.8,,,
36,Central Europe and the Baltics,9.934628321,9.886920663,10.16512334,10.27526109,10.78497004,11.2811274,11.10592023,11.38628295,12.17821915,13.73923844,14.57165327,14.74996007,15.69260448,16.6612114,17.07029577,17.15949821,16.85776274,16.4703987,18.14768633,18.86015396,19.69778382,,,,
37,Switzerland,18.2,18.7,18.2,18.0,18.1,18.7,18.1,19.3,19.6,20.0,20.6,20.6,21.9,21.8,22.2,23.9,24.1,25.0,24.2,24.8,26.4,27.7,,,
38,Channel Islands,,,,,,,,,,,,,,,,,,,,,,,,,
39,Chile,31.4,32.1,33.1,31.6,31.4,32.3,32.9,30.5,30.8,31.5,27.0,28.8,30.3,30.2,27.0,25.1,24.6,24.1,25.5,25.3,26.7,24.2,,,
40,China,29.6,28.4,27.0,23.9,20.2,17.4,16.4,14.9,14.1,13.4,12.3,11.3,11.5,11.5,11.9,12.2,12.6,13.1,13.5,14.3,14.9,15.2,,,
41,Cote d'Ivoire,63.7,64.7,65.3,70.3,75.4,77.9,74.8,76.3,74.2,73.7,75.4,79.1,74.9,72.2,71.9,64.5,64.0,62.5,60.5,61.1,61.8,58.2,,,
42,Cameroon,84.6,85.3,85.2,85.3,85.5,86.3,85.5,80.8,80.8,79.2,78.7,78.6,78.6,77.7,76.9,78.1,78.8,79.2,78.7,78.9,78.9,79.2,,,
43,"Congo, Dem. Rep.",97.9,98.3,98.3,98.0,97.9,97.4,97.3,97.2,97.0,97.0,96.8,96.2,95.5,93.9,92.9,95.8,97.0,96.7,96.4,96.3,96.2,96.3,,,
44,"Congo, Rep.",64.9,61.2,68.6,62.1,63.1,63.1,69.3,60.2,56.8,55.9,54.5,64.3,65.1,62.3,62.1,64.2,67.7,69.8,70.6,69.8,71.4,71.4,,,
45,Colombia,27.9,27.1,28.6,30.6,29.0,28.9,30.6,31.0,30.8,31.4,30.6,29.6,29.6,32.0,32.1,31.1,30.5,32.2,30.4,31.5,32.0,29.7,,,
46,Comoros,69.9,69.5,70.3,64.4,63.5,65.7,61.8,74.4,73.4,68.5,66.0,69.0,68.3,63.6,68.0,67.0,64.0,59.5,57.7,55.3,50.8,41.2,39.3,,
47,Cabo Verde,27.9,26.0,26.0,24.8,24.4,23.9,21.2,21.0,23.8,22.1,21.2,20.8,24.3,25.9,26.1,26.4,23.9,21.8,21.9,19.7,23.4,22.6,21.8,,
48,Costa Rica,33.0,32.1,32.5,33.3,39.2,41.7,42.4,41.2,40.7,40.7,40.4,38.0,38.1,37.8,37.6,38.3,34.1,33.3,33.1,33.4,36.4,34.2,,,
49,Caribbean small states,11.34384537,10.46335766,10.94557654,10.02744051,10.06868545,8.829191412,9.420700637,8.525360825,8.718660489,8.57920034,7.763243874,8.846320682,7.939568068,6.860158103,6.016137667,6.197360248,6.682684509,7.412938331,7.197383097,5.888228155,6.288435679,,,,
50,Cuba,34.4,34.0,34.8,33.6,33.8,26.3,22.0,18.6,18.7,19.0,15.6,19.2,19.4,18.2,23.2,21.1,19.2,22.0,24.0,23.1,24.5,20.9,,,
51,Curacao,0.1,0.6,0.6,0.6,0.6,0.6,0.6,0.6,0.5,0.5,0.5,0.5,0.6,1.1,1.4,1.3,1.4,1.9,2.5,2.5,2.8,2.8,,,
52,Cayman Islands,0.0,0.0,0.0,0.0,0.0,0.0,0.0,0.0,0.0,0.0,0.0,0.0,0.0,0.0,0.0,0.0,0.0,0.0,0.0,0.0,0.0,0.0,0.0,,
53,Cyprus,3.1,3.0,3.2,3.2,3.3,3.4,3.5,4.3,5.7,6.3,6.5,7.6,8.6,9.7,9.5,10.4,10.3,10.9,12.0,12.0,15.0,15.6,,,
54,Czechia,5.9,6.3,7.3,6.7,7.1,7.5,7.9,8.3,9.0,10.2,10.9,12.2,12.8,13.9,14.8,14.8,14.8,14.5,14.7,15.9,17.0,17.2,,,
55,Germany,3.7,3.9,4.4,5.4,6.3,7.3,8.6,10.5,10.2,10.7,11.6,12.5,13.6,13.6,14.0,14.6,14.2,15.2,16.0,17.1,18.5,17.6,,,
56,Djibouti,31.4,31.7,32.4,32.9,33.6,33.1,33.0,32.5,33.1,34.4,32.5,32.0,32.3,29.9,29.4,24.8,23.6,23.3,24.7,23.4,27.5,26.6,26.9,,
57,Dominica,11.1,9.4,13.6,10.6,11.4,10.0,9.8,7.8,8.0,7.5,10.3,13.8,11.3,11.4,9.9,8.7,10.7,9.7,7.9,7.6,8.6,8.8,8.9,,
58,Denmark,10.7,11.1,11.9,12.7,14.4,16.1,15.3,17.7,18.5,19.3,21.2,23.8,26.9,27.0,30.2,32.5,32.0,35.0,34.6,37.2,39.5,39.5,,,
59,Dominican Republic,19.1,18.9,17.9,18.9,20.7,19.4,18.0,17.9,17.7,17.3,16.9,16.8,16.5,16.6,17.3,14.9,15.3,16.9,15.9,14.4,16.0,14.8,,,
60,Algeria,0.4,0.4,0.5,0.5,0.4,0.6,0.4,0.4,0.3,0.3,0.3,0.2,0.2,0.1,0.1,0.1,0.1,0.1,0.2,0.2,0.1,0.1,,,
61,East Asia & Pacific (excluding high income),31.65277744,30.47666006,29.28336503,26.64275669,23.27198485,20.7412126,19.77945002,18.44274479,17.78623597,16.97060416,15.72969492,14.70558012,14.71368281,14.60491661,14.84036801,14.53499352,14.93301021,15.15982179,15.26174126,15.68693699,16.17626994,,,,
62,Early-demographic dividend,30.41150785,30.28243449,29.60195305,29.03380031,28.37649221,27.87951505,27.16517722,26.20965902,25.94912213,25.41293905,24.86159715,24.08550083,23.76879522,24.02750193,23.49243697,23.27888309,23.27899533,22.94762505,23.05536294,23.4235915,24.98955038,,,,
63,East Asia & Pacific,22.46999921,21.78608799,21.16650921,19.83639389,17.97753463,16.4297576,15.96867539,15.07894878,14.73523514,14.26361762,13.4347876,12.72633646,12.79528061,12.80758804,13.17722208,12.98203937,13.33119561,13.58443942,13.78704931,14.23758927,14.80814241,,,,
64,Europe & Central Asia (excluding high income),7.625291261,7.463419907,7.529639789,7.306933003,7.386595607,7.283615757,7.078478852,6.634942982,6.451585019,7.428039138,7.811636861,7.066331528,7.499095991,8.042457293,7.756967224,8.893749441,9.053620503,8.681040314,9.104553229,10.03242862,10.06044718,,,,
65,Europe & Central Asia,7.609636269,7.609119009,7.575468234,7.678856594,7.93527297,8.291818653,8.575218028,9.141132603,9.47387156,10.42496761,10.86814489,10.72583304,11.58007031,12.27615656,12.43217258,12.87444806,12.88665487,12.8819075,13.47973828,14.00597271,15.1064492,,,,
66,Ecuador,19.4,17.1,17.1,16.6,16.7,16.2,14.2,15.9,15.3,12.9,11.8,13.2,13.2,11.8,12.2,13.1,14.8,17.0,16.3,17.7,20.2,18.9,,,
67,"Egypt, Arab Rep.",8.3,7.8,7.3,7.4,7.6,6.5,6.2,6.0,5.9,5.7,5.4,5.4,5.3,5.3,5.4,5.3,5.1,4.9,5.0,6.2,6.7,6.1,,,
68,Euro area,7.687886793,7.887149779,7.716661005,8.266226507,8.525763941,8.852400051,9.662596623,10.7826492,11.4584461,12.53904292,13.36532929,13.43425599,14.88287252,15.70395969,16.32222107,16.33846954,16.35151611,16.57812489,17.54708651,18.13540551,19.80748727,,,,
69,Eritrea,76.8,74.8,74.7,75.0,69.8,74.7,77.3,79.1,81.4,81.7,80.9,77.1,78.4,79.7,80.5,81.2,81.4,81.6,80.8,80.6,80.9,80.7,,,
70,Spain,7.9,8.9,7.4,8.9,8.0,7.3,8.5,9.0,9.7,12.2,14.4,14.7,15.8,16.9,17.3,16.3,16.7,15.2,16.9,16.7,19.3,19.0,,,
71,Estonia,19.8,18.9,19.3,19.9,20.0,18.9,17.2,18.6,20.5,24.2,25.3,25.2,25.0,24.5,25.3,28.2,27.2,27.5,28.6,31.3,40.4,38.0,,,
72,Ethiopia,95.5,94.6,94.5,94.2,94.1,94.7,94.5,94.1,94.1,94.2,94.1,93.6,93.3,92.4,91.4,91.5,90.4,90.8,90.0,89.3,90.7,90.6,,,
73,European Union,8.970977783,8.958213656,8.859773278,9.248917898,9.549639154,10.02051565,10.6866219,11.75547527,12.45680548,13.62197242,14.46904895,14.62500378,16.05303171,16.79745203,17.44157539,17.61227643,17.52323581,17.68571022,18.72498848,19.34400095,21.05914707,,,,
74,Fragile and conflict affected situations,49.51881926,48.97880272,49.12777231,50.01900816,50.13259331,50.11680091,51.04925478,50.8910276,51.06069264,53.37795355,51.71366164,52.13565856,51.86765455,52.45318099,53.73093929,57.69322009,58.02640706,58.28118794,57.50398671,58.36190722,61.66541804,,,,
75,Finland,31.7,29.2,29.5,28.4,31.1,31.5,31.2,31.8,34.6,32.5,33.4,35.1,38.7,38.5,41.2,43.2,42.4,44.4,44.2,45.4,47.3,50.2,,,
76,Fiji,50.1,40.4,49.0,40.8,35.7,40.0,39.1,36.0,42.1,41.6,28.0,33.4,33.3,32.8,33.2,32.7,27.7,28.6,25.8,26.5,31.8,29.7,28.4,,
77,France,9.3,9.4,8.7,8.8,8.9,8.6,8.5,9.4,10.5,11.2,11.9,10.6,12.3,13.4,13.2,13.3,14.2,14.1,15.2,15.5,16.8,16.2,,,
78,Faroe Islands,2.8,2.6,3.4,3.1,3.4,3.8,4.3,4.5,4.5,5.1,3.4,5.0,4.7,4.5,6.5,7.5,6.3,6.0,5.9,5.4,5.3,5.1,7.9,,
79,"Micronesia, Fed. Sts.",1.3,1.4,1.6,0.9,1.0,1.4,1.4,1.2,1.4,1.1,2.0,1.6,1.4,1.4,1.5,1.7,1.9,1.7,2.0,2.0,2.0,2.1,2.0,,
80,Gabon,72.8,72.4,79.8,83.6,85.8,85.2,86.2,87.3,87.3,87.9,85.8,79.7,75.5,82.2,81.3,81.9,81.5,90.2,90.3,90.2,91.3,91.3,,,
81,United Kingdom,1.0,0.8,1.0,0.9,1.1,1.4,1.6,1.8,2.4,3.0,3.2,4.0,4.2,5.2,6.6,7.7,7.7,8.8,10.2,11.4,13.6,12.2,,,
82,Georgia,47.2,53.1,56.8,55.3,54.5,41.5,37.2,36.2,36.3,36.7,39.1,31.5,28.7,32.4,30.7,27.5,27.2,27.5,27.4,24.7,23.4,25.2,,,
83,Ghana,71.6,69.3,65.7,64.5,62.4,61.4,58.6,54.5,57.3,51.9,51.9,50.1,46.5,46.2,47.7,44.0,45.2,45.3,42.1,42.6,40.0,39.0,,,
84,Gibraltar,0.0,0.0,0.0,0.0,0.0,0.0,0.0,0.0,0.0,0.0,0.0,0.0,0.0,0.0,0.0,0.0,0.0,0.0,0.0,0.0,0.0,0.0,,,
85,Guinea,85.5,84.8,84.3,83.5,83.2,81.6,81.1,80.4,80.2,79.2,75.7,74.8,76.4,78.5,78.6,76.2,75.3,72.0,73.2,68.3,65.8,66.8,66.6,,
86,"Gambia, The",62.9,59.6,61.0,62.4,61.2,61.7,60.2,57.3,56.3,53.9,56.6,56.2,57.0,59.3,53.2,49.0,48.6,48.0,48.1,47.4,49.8,48.6,47.7,,
87,Guinea-Bissau,91.2,91.2,91.0,89.0,88.6,88.5,88.3,87.9,88.4,87.9,87.8,87.9,87.8,87.7,87.3,87.2,86.8,86.8,86.6,86.2,87.2,87.4,87.4,,
88,Equatorial Guinea,45.9,46.1,31.3,29.5,7.2,7.1,7.0,8.5,7.2,9.2,5.7,5.6,4.4,3.7,4.9,5.5,4.8,5.0,4.8,7.4,6.5,5.2,4.2,,
89,Greece,7.8,7.1,7.3,7.6,7.8,8.0,8.5,8.1,8.3,9.2,11.4,11.4,14.2,16.6,16.4,17.5,16.4,16.4,17.9,18.5,20.1,21.5,,,
90,Grenada,10.5,10.4,10.5,10.4,10.6,10.6,10.4,9.9,10.8,10.5,10.8,11.4,11.5,10.8,11.0,10.5,10.4,10.2,10.7,10.4,10.3,10.2,10.0,,
91,Greenland,9.2,8.7,9.5,9.5,6.7,7.0,7.1,6.9,6.9,8.8,10.1,10.2,10.1,11.2,12.5,13.1,12.4,11.3,11.4,10.9,11.8,11.6,11.7,,
92,Guatemala,62.7,61.3,63.8,64.3,66.1,65.2,64.7,63.3,66.5,65.3,67.1,67.1,67.4,67.2,66.2,63.3,63.2,65.0,64.0,62.8,65.5,62.1,,,
93,Guam,0.4,0.4,0.4,0.5,0.5,0.4,0.4,0.4,0.4,0.5,0.5,0.5,0.5,0.6,0.7,2.3,4.4,3.9,4.5,4.5,4.6,4.5,6.7,,
94,Guyana,30.4,31.0,34.2,34.6,35.5,34.7,36.8,33.1,32.6,31.3,30.6,32.8,28.7,26.9,24.0,25.0,21.3,22.1,16.8,11.3,12.0,13.2,12.1,,
95,High income,6.846788474,6.541770554,6.621326487,6.869957438,7.107681378,7.387901361,7.770427457,8.024295814,8.398484155,8.960945969,9.137577424,9.528363219,9.909883108,10.38499894,10.5213334,10.60507816,10.7845733,11.08901976,11.46867884,11.78391301,12.78318085,,,,
96,"Hong Kong SAR, China",0.0,0.1,0.1,0.1,0.1,0.1,0.1,0.1,0.1,0.1,0.1,0.5,0.2,0.3,0.2,0.2,0.2,0.2,0.2,0.2,0.3,0.4,,,
97,Honduras,55.2,50.4,49.8,47.9,46.7,51.4,52.2,50.6,50.0,50.5,53.6,50.9,49.3,51.1,52.2,50.8,52.7,45.6,48.9,46.2,50.2,45.9,,,
98,Heavily indebted poor countries (HIPC),85.35835288,84.95164798,84.45455288,84.27032721,83.94503642,83.92569794,83.18188784,81.73624087,81.23292367,80.4451956,79.61151711,78.89676298,77.85462089,77.65498147,77.37816179,76.55305741,76.0862842,75.91934733,75.25201835,74.84481333,76.0353291,,,,
99,Croatia,26.8,26.9,24.6,24.8,26.6,26.8,25.5,22.7,24.1,27.2,29.8,27.2,29.4,32.8,33.6,33.1,31.8,29.8,32.8,31.6,32.4,34.1,,,
100,Haiti,80.8,80.9,79.1,79.0,81.1,81.1,81.4,79.3,79.6,80.3,79.0,79.0,82.2,80.4,77.8,76.1,76.1,76.2,76.2,76.4,76.3,76.7,,,
101,Hungary,5.2,5.1,5.2,5.0,4.6,7.3,7.9,9.0,9.0,12.3,13.5,14.7,16.5,17.2,15.7,15.6,15.3,14.6,13.6,13.6,14.8,15.3,,,
102,IBRD only,23.45412407,22.91301621,22.55398774,21.56343465,20.29866443,19.31369731,18.77964261,18.0231697,17.63166808,17.48294698,16.7512898,15.9538658,15.87953925,16.0171386,16.00329153,16.02091779,16.28459655,16.39230005,16.62680664,17.0666277,18.00850516,,,,
103,IDA & IBRD total,29.20347548,28.75696665,28.46202944,27.49908465,26.11715659,25.08267833,24.45843946,23.58017176,23.19169334,23.16817012,22.29149525,21.5080309,21.39713646,21.56810551,21.52877788,21.61636239,21.81325827,21.83337167,21.95900626,22.43186283,23.43524729,,,,
104,IDA total,67.61967468,67.32226642,67.24356422,67.13568061,66.85275401,66.7599113,66.39676639,65.6601255,65.59674796,66.53535034,65.47982627,64.98758783,65.63478403,65.91703511,65.51804188,65.49706919,64.35167066,63.46254866,63.05967326,63.44545039,63.75256292,,,,
105,IDA blend,58.79547578,58.90121015,59.09708847,59.37604042,59.38348079,60.11436692,59.77284364,59.79892473,59.88164578,61.54561664,60.59407119,60.19957078,62.20403254,61.93716859,61.53545153,61.75219365,60.48364603,59.7969449,60.04559228,60.70676245,60.07369117,,,,
106,Indonesia,45.6,44.3,44.7,43.0,41.5,41.6,40.1,40.0,41.1,38.2,36.0,32.4,30.1,30.6,29.3,26.6,27.8,25.2,22.0,19.8,21.9,20.2,,,
107,IDA only,77.4297504,76.63862999,76.23977352,75.59826387,75.00113278,73.80504364,73.39389562,71.85708574,71.60102247,71.63634299,70.55761358,69.99425629,69.23756808,70.06889719,69.58577091,69.26956259,68.28729838,67.1926479,66.05682161,66.1344155,67.35606342,,,,
108,Isle of Man,,,1.5,1.1,6.3,2.7,3.3,1.9,1.3,1.9,1.9,2.9,3.5,2.1,1.9,2.2,1.9,1.9,2.0,1.9,2.0,3.2,2.7,,
109,India,46.9,47.1,45.8,45.6,44.9,44.2,43.2,41.5,39.4,37.4,36.2,35.0,34.8,34.9,33.9,33.4,33.0,32.5,32.9,33.5,36.1,34.9,,,
110,Not classified,,,,,,,,,,,,,,,,,,,,,,,,,
111,Ireland,2.0,2.0,2.2,2.0,2.3,2.9,3.2,3.5,4.2,5.3,5.3,7.0,6.9,7.7,8.8,9.5,8.6,10.1,10.8,12.3,13.7,12.7,,,
112,"Iran, Islamic Rep.",0.4,0.5,0.7,0.8,0.7,1.4,1.4,1.3,0.7,0.8,0.9,0.9,0.9,1.0,0.9,0.9,1.0,1.0,1.0,1.0,0.9,0.9,,,
113,Iraq,0.4,0.3,0.3,0.3,0.4,2.4,2.6,2.0,1.1,1.2,1.7,1.1,1.3,1.5,1.0,0.8,0.9,0.5,0.5,0.9,1.1,1.1,,,
114,Iceland,60.7,62.1,61.9,61.9,61.9,62.7,64.2,67.6,74.0,74.7,76.0,77.1,77.7,76.8,77.6,78.0,80.9,80.8,81.4,81.7,82.9,82.4,,,
115,Israel,6.0,6.3,6.5,6.5,6.7,7.0,6.9,6.7,8.9,8.5,8.6,9.1,2.9,3.3,3.7,3.7,4.0,3.9,3.8,4.5,5.6,6.2,,,
116,Italy,5.1,5.4,5.6,6.2,5.9,6.7,7.5,8.7,10.8,12.5,12.8,11.9,14.4,16.3,17.1,16.6,16.1,16.4,17.1,17.3,18.7,17.5,,,
117,Jamaica,9.3,7.9,8.0,8.1,6.4,5.4,4.8,5.3,5.9,7.4,8.9,9.8,12.2,11.4,11.9,12.1,11.1,11.0,8.9,9.2,11.7,10.5,,,
118,Jordan,2.1,2.1,2.1,2.0,1.8,1.7,2.3,2.3,2.7,2.8,3.0,3.0,2.9,3.1,3.1,3.2,4.7,5.3,7.2,8.5,10.7,11.5,,,
119,Japan,3.7,3.5,3.7,4.2,4.3,4.0,4.4,4.3,4.4,4.5,4.7,4.8,4.7,5.0,5.6,6.2,6.4,6.9,7.3,7.8,8.5,8.8,,,
120,Kazakhstan,2.5,2.4,2.8,2.3,1.9,2.1,2.1,1.8,1.1,1.3,1.4,1.4,1.3,1.2,1.3,1.7,2.1,2.0,1.9,1.9,1.8,2.0,,,
121,Kenya,76.8,78.3,78.8,81.6,80.3,79.2,77.6,78.2,78.2,75.6,74.0,74.7,76.2,74.3,71.8,69.2,68.3,68.1,68.7,68.1,69.0,67.7,,,
122,Kyrgyz Republic,35.2,36.0,28.3,30.5,27.7,28.0,27.8,24.5,22.0,24.7,25.6,26.0,22.4,24.8,26.6,23.5,22.2,24.7,23.4,28.3,30.0,27.6,,,
123,Cambodia,81.6,80.5,81.0,79.9,80.7,79.2,78.0,74.8,74.1,68.0,64.8,64.0,64.4,65.0,63.7,60.6,58.0,56.3,58.1,53.0,51.4,52.4,,,
124,Kiribati,54.7,56.4,53.0,50.5,50.5,48.5,48.1,48.4,49.7,50.4,50.1,50.5,48.7,46.2,48.0,47.5,48.1,42.5,42.3,42.2,42.2,42.2,41.9,,
125,St. Kitts and Nevis,26.4,26.0,24.3,26.3,22.0,25.3,0.0,0.0,0.0,0.0,1.0,0.9,1.3,1.4,1.6,1.6,1.7,1.3,1.3,1.3,1.6,1.6,1.5,,
126,"Korea, Rep.",0.7,0.7,0.7,0.8,0.8,0.9,0.9,1.0,1.1,1.2,1.3,1.4,1.6,1.9,2.9,2.7,2.6,2.8,3.2,3.2,3.6,3.6,,,
127,Kuwait,0.0,0.0,0.0,0.0,0.0,0.0,0.0,0.0,0.0,0.0,0.0,0.0,0.0,0.0,0.0,0.0,0.0,0.0,0.0,0.1,0.1,0.1,,,
128,Latin America & Caribbean (excluding high income),29.82868979,29.3175362,30.13992894,30.68281624,30.35128929,30.5136178,30.32573246,30.33266806,30.44103421,31.48160767,30.79106379,29.92368412,29.35097794,28.87539915,29.15034793,29.36533396,30.070132,30.642166,31.4749268,31.72545967,34.93118129,,,,
129,Lao PDR,81.5,81.1,80.2,78.7,74.0,73.9,69.8,70.7,69.3,66.4,64.8,63.6,62.4,58.6,58.2,53.3,51.7,50.6,50.2,50.5,50.6,51.5,49.2,,
130,Lebanon,4.9,4.6,5.7,7.0,6.1,6.4,6.4,7.3,5.1,4.3,5.7,6.2,5.6,5.9,4.2,4.2,4.0,4.0,4.7,5.1,6.3,6.8,,,
131,Liberia,91.3,91.6,91.1,90.3,89.6,87.8,87.6,89.8,91.8,91.8,88.6,87.1,86.2,87.5,91.2,91.9,92.8,93.6,94.4,89.7,93.0,93.2,92.8,,
132,Libya,2.0,2.9,2.9,2.9,2.8,2.7,2.9,3.1,2.9,2.6,2.5,3.2,2.6,2.4,2.3,2.9,2.8,2.9,2.9,3.0,3.2,3.1,,,
133,St. Lucia,24.0,22.2,21.7,20.0,18.4,18.4,16.9,16.3,15.5,15.1,13.2,12.9,12.4,12.1,11.7,11.5,11.2,10.2,10.2,10.0,10.0,9.7,9.7,,
134,Latin America & Caribbean,28.49878267,27.9199322,28.52690473,29.04460789,28.8693247,28.9373843,28.98566607,29.07674684,29.18957556,30.02501699,29.06834074,28.49585951,27.94119111,27.74266633,27.7215959,28.24466662,28.88503274,29.40682416,30.25263912,30.62481177,34.1964973,,,,
135,Least developed countries: UN classification,83.81569954,83.04081371,82.61092098,81.41917372,80.99036178,80.75998702,80.10053427,78.84710698,78.17396178,77.04264289,75.90306383,75.29023904,74.11861522,73.45163907,72.8033051,72.64204994,71.70698643,70.6528427,69.66892731,69.50249095,70.88570774,,,,
136,Low income,61.74722859,61.31326598,62.19670362,62.37859067,61.84795335,60.02008292,59.60810799,59.7232904,58.60285973,61.15354528,61.14797911,64.05736939,64.73737258,68.05364767,68.46572675,72.02510539,72.32428521,68.0372933,67.49360957,67.02200842,69.2018592,,,,
137,Liechtenstein,54.0,51.6,51.3,50.2,50.3,49.9,50.8,53.4,53.0,55.1,52.3,55.3,55.5,53.5,55.0,55.5,55.8,55.3,56.8,56.1,55.2,53.6,56.9,,
138,Sri Lanka,64.2,62.9,62.1,61.3,61.6,60.1,62.2,60.2,61.6,63.5,61.9,56.4,52.9,56.9,54.2,51.3,45.1,45.8,47.9,46.1,49.3,48.8,,,
139,Lower middle income,51.47147449,51.19116049,50.48475706,50.32025686,49.74472051,49.21336096,48.57260596,47.2222569,46.05962917,45.21197915,44.03879539,43.23594577,43.32969882,43.29304444,42.3759445,41.50901578,40.55157668,39.8438461,39.74467859,40.14724367,41.63755758,,,,
140,Low & middle income,33.48107697,32.89882665,32.3075426,31.03655115,29.05784429,27.48640345,26.69909608,25.5432068,25.06229398,24.78840579,23.81884516,22.91436115,22.7325689,22.74110266,22.77657083,22.82016742,23.06084617,23.09743169,23.19358276,23.69912358,24.59919355,,,,
141,Lesotho,56.7,56.5,56.2,55.9,55.4,55.3,55.5,55.3,55.0,54.0,53.0,42.3,40.8,46.1,43.2,46.0,45.1,41.5,42.5,41.6,43.2,33.6,34.9,,
142,Late-demographic dividend,21.62963179,20.86613767,20.66553631,19.50856439,18.03292237,16.81270633,16.27109334,15.58771249,15.08164508,15.04898538,14.22791339,13.49394016,13.55839053,13.65109061,13.79694494,13.79475628,14.10536045,14.36016985,14.71134029,15.19305531,15.82912607,,,,
143,Lithuania,17.2,17.6,17.9,18.1,18.1,17.5,17.5,17.1,18.3,20.1,21.5,22.7,23.9,26.3,27.7,29.0,31.5,33.8,33.7,33.5,31.7,33.2,,,
144,Luxembourg,6.8,3.4,1.3,1.3,1.4,1.9,2.1,3.6,4.0,3.7,3.7,3.8,4.2,5.7,6.8,9.1,13.5,15.3,16.0,16.4,20.8,20.5,,,
145,Latvia,35.8,35.4,34.4,34.3,36.1,36.3,34.0,33.1,33.7,38.4,33.1,35.5,40.4,39.6,40.2,38.1,38.5,42.6,41.0,41.5,43.8,44.0,,,
146,"Macao SAR, China",0.2,0.9,1.4,2.4,2.5,2.3,2.8,3.4,4.7,3.0,5.5,6.4,11.1,16.6,11.4,5.4,5.4,3.9,8.4,8.4,11.0,13.6,11.0,,
147,St. Martin (French part),,,,,,,,,,,,,,,,,,,,,,,,,
148,Morocco,15.5,15.3,15.1,16.1,22.4,20.0,18.2,16.6,14.4,14.2,13.9,11.8,10.9,11.6,11.1,11.2,11.1,10.4,10.9,10.7,11.1,10.9,,,
149,Monaco,,,,,,,,,,,,,,,,,,,,,,,,,
150,Moldova,5.7,5.6,5.8,5.9,4.8,4.3,5.0,4.4,4.9,4.8,20.0,20.4,22.1,23.8,24.3,24.7,25.3,26.1,25.3,22.0,22.3,21.4,,,
151,Madagascar,82.2,84.1,87.2,84.8,84.3,84.9,85.9,86.2,86.4,87.2,86.7,84.5,83.3,81.4,82.2,83.9,83.8,81.9,84.2,82.5,84.7,83.6,83.1,,
152,Maldives,2.3,2.3,1.8,2.2,1.7,2.0,1.6,1.5,1.5,1.5,1.4,1.3,1.2,1.3,1.2,1.5,1.2,1.3,1.3,1.3,1.6,1.4,1.2,,
153,"Middle East, North Africa, Afghanistan & Pakistan",9.381843187,9.249631165,9.184398156,9.254385572,9.163251738,9.037959428,8.662595088,8.164632947,7.816086785,7.690267197,7.592808452,7.436342281,7.191387866,7.230356128,7.071221804,7.080073146,7.10925109,7.149274549,7.308586935,7.596708192,7.546757028,,,,
154,Mexico,12.2,11.3,10.7,10.2,10.2,10.3,9.8,9.5,9.8,9.2,9.4,9.1,9.0,9.2,9.8,9.2,9.2,10.1,10.3,10.3,12.3,13.0,,,
155,Marshall Islands,19.6,19.1,18.6,18.6,18.4,18.4,17.0,15.2,14.8,14.0,13.7,12.3,12.0,12.4,12.2,11.7,12.1,12.0,12.0,12.1,12.0,12.1,12.2,,
156,Middle income,32.42741699,31.82325968,31.19295884,29.88217796,27.9061884,26.34727745,25.56812723,24.45768366,23.97717977,23.65779449,22.70789065,21.74335045,21.6160443,21.56668211,21.56276498,21.55605369,21.7814211,21.87124317,21.99019821,22.49306805,23.31674809,,,,
157,North Macedonia,19.4,15.2,14.6,17.3,18.2,19.0,19.8,15.7,15.6,18.4,22.3,18.6,18.3,21.2,21.2,23.9,21.4,19.0,20.9,17.0,20.0,19.5,,,
158,Mali,83.5,82.1,83.6,85.8,81.5,82.3,81.7,78.9,75.0,78.7,84.0,83.6,81.2,84.8,84.6,81.2,77.9,77.0,77.2,74.9,72.8,71.2,71.1,,
159,Malta,0.0,0.0,0.1,0.1,0.1,0.1,0.2,0.2,0.2,0.3,1.2,2.0,2.7,3.2,4.5,6.0,9.2,7.3,7.6,7.4,9.2,8.6,,,
160,Myanmar,80.2,82.5,83.0,79.9,80.2,79.6,81.3,80.5,85.6,85.8,84.6,83.8,78.1,75.6,72.0,70.0,68.8,59.5,59.4,58.5,59.2,62.9,,,
161,"Middle East, North Africa, Afghanistan & Pakistan (excluding high income)",13.00389608,12.84802422,12.83970483,12.96980916,12.70638692,12.47214542,12.02757238,11.43717252,11.18166139,11.09476636,11.20588887,11.07081273,11.04202154,11.14421506,11.0400706,11.2870522,11.15030648,10.94136851,10.96197322,11.48654707,11.21813263,,,,
162,Montenegro,,,,,,47.6,44.8,42.3,38.8,49.2,49.1,42.8,45.9,49.3,46.0,43.0,43.9,37.8,40.6,38.7,39.6,39.6,,,
163,Mongolia,5.7,6.1,6.5,6.1,5.8,5.3,4.5,4.7,4.7,4.4,4.5,4.0,3.0,3.0,3.3,3.5,3.4,1.8,2.1,2.3,2.9,3.0,,,
164,Northern Mariana Islands,0.0,0.0,0.0,0.0,0.0,0.0,0.0,0.0,0.0,0.0,0.0,0.0,0.0,0.0,0.0,0.0,0.0,0.0,0.0,0.0,0.3,0.5,0.5,,
165,Mozambique,93.6,93.0,93.2,92.7,92.9,93.7,93.1,87.5,88.1,86.1,84.9,85.4,84.5,83.1,81.2,80.1,77.4,78.2,79.0,77.5,80.2,76.9,,,
166,Mauritania,44.4,44.2,42.1,40.2,38.6,38.8,39.1,35.6,35.8,33.4,34.0,33.3,31.9,35.1,31.0,28.3,31.7,25.5,21.6,21.2,20.9,22.1,19.6,,
167,Mauritius,20.4,20.1,17.9,18.9,19.1,17.6,16.4,15.7,12.7,12.8,12.8,12.0,11.4,11.4,10.6,11.5,10.3,9.4,9.2,8.9,9.4,8.6,,,
168,Malawi,82.6,83.1,83.3,82.8,82.4,83.2,82.8,82.2,80.4,80.0,81.2,80.2,80.2,79.8,82.8,81.0,78.9,76.9,73.2,70.9,71.5,71.1,62.9,,
169,Malaysia,4.4,4.2,3.5,3.3,3.2,3.0,3.1,2.8,3.0,2.3,2.0,2.2,2.5,2.8,3.0,3.4,4.4,5.2,5.3,5.7,7.0,7.5,,,
170,North America,6.997940511,6.29470806,6.49353146,6.909956674,7.166959045,7.501632596,7.990643842,7.942119679,8.396722681,8.923920508,8.882697959,9.862064248,10.00553593,10.39064572,10.48938422,10.39238845,10.72467051,11.20916908,11.31142621,11.5807525,12.46288234,,,,
171,Namibia,34.8,30.4,33.8,33.3,34.8,34.6,35.8,36.5,32.5,33.4,31.2,31.6,31.9,30.7,30.2,29.3,29.2,30.2,30.9,30.2,31.2,30.0,,,
172,New Caledonia,7.5,6.7,5.3,4.9,5.2,5.1,4.5,5.8,7.8,7.0,4.8,5.9,6.2,6.6,4.3,5.1,3.7,5.1,4.6,5.2,6.1,8.3,9.6,,
173,Niger,87.6,87.7,87.7,87.0,87.0,87.5,87.4,86.2,86.1,83.2,80.7,77.2,72.7,78.7,78.1,78.9,80.2,82.0,82.0,80.7,81.9,79.6,,,
174,Nigeria,86.0,84.5,84.5,82.9,84.0,83.9,85.8,87.1,85.7,88.1,86.0,84.1,83.9,81.4,79.9,81.3,81.1,81.6,80.8,80.1,81.8,80.3,,,
175,Nicaragua,58.4,56.7,54.7,51.5,51.2,52.8,53.3,52.6,53.8,54.6,54.4,53.3,53.3,54.3,53.0,50.0,49.5,48.9,51.3,50.5,52.2,50.4,,,
176,Netherlands,1.7,1.8,1.9,1.9,2.2,2.7,3.1,3.7,3.9,4.4,3.9,4.7,4.9,5.0,5.6,5.8,5.6,6.4,7.4,8.6,10.7,12.2,,,
177,Norway,60.2,59.6,59.5,56.2,56.9,58.6,57.0,57.4,58.5,56.7,56.0,56.0,56.9,56.6,55.8,56.5,57.7,58.9,58.9,59.8,60.9,61.4,,,
178,Nepal,88.3,87.8,90.0,89.4,90.3,89.5,91.2,91.3,90.5,88.9,87.3,87.0,84.7,86.0,84.0,85.2,79.4,76.8,75.0,78.2,73.1,73.7,,,
179,Nauru,0.0,0.0,0.0,0.0,0.0,0.0,0.1,0.1,0.1,0.0,0.0,0.0,0.1,0.1,0.0,0.1,0.2,0.6,0.7,0.6,1.3,1.6,1.9,,
180,New Zealand,26.4,24.6,26.6,25.9,28.2,26.8,27.0,27.0,26.1,28.5,29.4,30.3,28.8,28.3,29.0,29.3,30.1,28.4,28.9,28.0,28.7,28.9,,,
181,OECD members,7.753341263,7.399101291,7.487178169,7.768222512,7.997927205,8.275068901,8.751592298,9.008152486,9.510784061,10.12051212,10.37431447,10.90462248,11.38234545,11.87753532,12.12757431,12.26114509,12.43238463,12.79543911,13.2024399,13.6864487,14.83803632,,,,
182,Oman,0.0,0.0,0.0,0.0,0.0,0.0,0.0,0.0,0.0,0.0,0.0,0.0,0.0,0.0,0.0,0.0,0.0,0.0,0.0,0.0,0.1,0.1,,,
183,Other small states,34.8842401,34.40600496,34.89732295,34.67939924,34.40536866,34.97501063,33.12500479,34.37382685,36.1920582,39.48305432,40.19846125,40.44580621,40.71716912,41.19030481,41.59394049,42.57601987,42.15653839,41.43665352,42.36261,42.39047074,45.40422145,,,,
184,Pakistan,51.0,51.5,51.4,50.1,47.9,48.0,47.0,44.9,46.6,46.4,47.4,46.8,47.2,48.1,47.2,45.9,43.7,42.1,43.4,45.9,42.7,41.6,,,
185,Panama,27.7,24.0,28.7,27.4,28.2,22.8,22.1,22.8,23.4,20.4,20.6,19.7,21.2,20.7,19.8,22.0,22.1,23.6,24.5,19.0,28.5,28.0,,,
186,Peru,38.6,41.2,40.2,40.9,37.8,38.4,38.7,36.0,33.7,32.9,32.2,30.6,30.8,28.4,28.6,27.4,27.2,27.6,27.9,27.1,31.6,30.6,,,
187,Philippines,33.9,32.9,31.8,30.9,30.2,31.3,33.3,32.4,33.9,34.1,32.7,33.8,34.1,33.1,32.4,30.8,28.6,27.8,27.6,26.9,29.1,28.0,,,
188,Palau,0.0,0.0,0.0,0.0,0.0,0.0,0.0,0.0,0.0,0.0,0.0,0.0,0.0,0.0,0.3,0.4,0.6,0.6,0.6,0.9,0.9,0.9,0.9,,
189,Papua New Guinea,66.4,63.4,62.5,60.4,57.5,58.6,58.9,57.1,56.9,56.0,55.2,54.7,55.5,58.3,56.9,55.3,54.8,54.7,53.4,53.2,53.6,54.5,54.6,,
190,Poland,6.9,7.3,7.5,7.3,7.3,7.2,7.2,7.3,8.0,8.8,9.5,10.4,10.9,11.4,11.6,11.9,11.3,11.1,15.1,15.6,16.1,15.2,,,
191,Pre-demographic dividend,78.33002338,77.55615474,77.73364274,78.53844298,77.93493177,78.08094575,78.10891162,77.98278839,77.0470225,77.57746604,75.71356225,74.65281916,73.18654424,72.2325804,72.71701969,73.33989167,72.84281947,72.75715193,71.90686247,71.43987095,73.32852839,,,,
192,Puerto Rico (US),0.6,0.5,0.5,0.5,0.5,0.6,0.5,0.5,0.5,0.5,0.4,0.7,0.5,1.4,1.6,1.9,1.9,2.3,1.4,2.4,2.5,2.6,2.5,,
193,"Korea, Dem. People's Rep.",8.7,8.6,9.0,9.3,9.4,9.2,9.0,10.9,10.2,10.4,11.0,14.8,15.4,20.8,18.5,22.6,24.0,10.2,11.9,10.0,11.2,14.7,,,
194,Portugal,20.1,20.8,18.3,22.1,19.9,18.1,22.3,23.1,23.2,24.9,27.8,27.2,25.5,30.2,30.5,27.2,29.0,24.4,27.5,28.2,31.3,32.3,,,
195,Paraguay,70.4,69.8,67.7,67.0,66.8,68.8,66.5,68.4,65.8,65.4,63.6,62.5,63.4,62.5,62.5,60.5,62.5,60.1,59.2,60.1,61.5,58.8,,,
196,West Bank and Gaza,17.5,17.1,21.8,21.7,23.1,22.8,18.1,20.5,20.1,16.5,14.1,15.4,12.2,11.7,10.8,11.0,12.3,10.5,12.7,13.9,15.0,15.4,15.4,,
197,Pacific island small states,43.32020997,38.2140665,41.8976,37.71937984,35.03215962,37.43149606,36.36748166,34.25503686,36.96166667,34.71133721,29.67853261,31.40289474,31.20371353,31.0864532,31.22149533,31.33217593,28.85048544,28.98914027,27.35374449,27.38898488,29.42584541,,,,
198,Post-demographic dividend,7.103182575,6.749336088,6.814034864,7.125979281,7.356609864,7.641784028,8.139443218,8.42384488,8.912922168,9.547314013,9.817071124,10.33740535,10.85574035,11.33577139,11.66878491,11.84256042,12.06220716,12.48463814,12.85761788,13.2726557,14.42785484,,,,
199,French Polynesia,8.8,6.7,6.2,7.2,7.7,8.0,10.1,9.8,9.3,9.3,7.5,6.9,6.6,6.5,7.4,7.8,8.1,8.1,7.7,7.7,8.2,7.4,7.0,,
200,Qatar,0.1,0.1,0.1,0.0,0.0,0.0,0.1,0.1,0.1,0.1,0.1,0.1,0.0,0.0,0.0,0.0,0.1,0.1,0.0,0.1,0.0,0.0,,,
201,Romania,16.4,13.4,14.4,15.7,17.3,18.5,17.4,18.2,20.4,22.1,24.1,21.1,21.5,23.1,24.3,23.7,24.4,23.4,23.0,23.5,24.1,23.6,,,
202,Russian Federation,3.5,3.6,3.5,3.3,3.5,3.6,3.5,3.7,3.3,3.6,3.3,3.2,3.2,3.6,3.3,3.2,3.4,3.2,3.2,3.2,3.7,3.5,,,
203,Rwanda,86.8,86.9,87.1,87.3,87.6,89.2,90.6,90.3,90.6,90.5,90.5,89.7,88.8,88.5,88.0,86.3,85.5,84.5,82.8,81.8,81.7,79.4,79.9,,
204,South Asia,49.17864448,49.16709936,47.93807884,47.667348,46.99979267,46.22241989,45.24530534,43.53226007,41.44806756,39.4741031,38.15666301,36.80927131,36.38518888,36.61075585,35.50965224,34.88341685,34.20747724,33.58888747,33.88349982,34.42935799,36.88646591,,,,
205,Saudi Arabia,0.0,0.0,0.0,0.0,0.0,0.0,0.0,0.0,0.0,0.0,0.0,0.0,0.0,0.0,0.0,0.0,0.0,0.0,0.0,0.0,0.1,0.1,,,
206,Sudan,80.4,79.4,76.8,77.0,75.4,72.3,69.2,65.6,63.5,63.1,61.3,63.7,63.7,64.3,63.7,61.9,58.9,59.4,59.8,59.4,62.6,61.0,,,
207,Senegal,47.5,45.8,43.8,43.7,39.9,40.3,43.4,40.0,39.8,51.3,49.5,48.0,49.6,42.7,42.5,39.1,36.7,36.8,34.2,36.2,38.7,35.4,,,
208,Singapore,0.3,0.6,0.6,0.6,0.5,0.5,0.5,0.5,0.5,0.5,0.5,0.5,0.5,0.6,0.6,0.7,0.7,0.7,0.8,0.9,0.9,1.1,,,
209,Solomon Islands,55.3,54.1,52.8,51.5,49.9,49.7,48.9,47.4,46.7,45.8,45.1,43.6,43.8,41.8,45.9,48.6,48.7,49.0,48.6,48.4,49.0,49.1,50.1,,
210,Sierra Leone,93.3,91.2,88.0,86.5,86.5,88.1,84.4,86.3,86.0,86.1,84.9,81.0,79.1,74.6,73.0,74.0,73.6,74.6,75.9,75.4,75.1,71.1,71.6,,
211,El Salvador,33.5,33.1,34.0,33.9,33.3,34.1,34.8,28.2,31.5,32.2,32.6,29.5,30.3,27.5,24.0,21.0,20.7,25.0,23.2,19.4,23.7,21.9,,,
212,San Marino,,,,,,,,,,,,,,,,,,,,,,,,,
213,Somalia,93.3,93.3,92.6,92.8,93.0,93.3,93.5,93.0,93.4,93.6,93.6,93.7,93.9,94.4,94.6,94.5,94.8,94.9,94.9,95.0,95.5,95.4,95.4,,
214,Serbia,22.1,19.6,18.0,15.7,14.6,16.1,15.3,14.0,15.5,20.7,20.5,17.4,19.5,20.0,23.2,21.2,20.9,20.0,21.0,21.4,26.0,27.2,,,
215,Sub-Saharan Africa (excluding high income),70.54003433,70.45242353,69.90539032,69.19353684,68.66080037,68.3182127,68.41807689,67.86632246,67.72399943,67.78839881,68.33517949,67.73963693,66.67435124,65.56336367,65.36614796,65.76627757,65.76287664,65.55725343,65.45058897,66.05626169,68.16931382,,,,
216,South Sudan,,,,,,,,,,,,,30.6,30.1,29.4,27.5,28.7,35.1,31.5,31.4,32.8,32.4,,,
217,Sub-Saharan Africa,72.64310595,72.52056264,72.00354221,71.31432365,70.80525212,70.52373308,70.61462025,70.11007504,69.97629642,70.03698312,70.55225258,69.95492148,68.96843045,67.8510971,67.63037077,68.02555158,67.96252382,67.81755447,67.66607132,68.16938502,70.27011339,,,,
218,Small states,28.00683488,27.03831069,27.88288177,27.25028469,26.92710267,27.23336084,26.63358476,26.84310924,28.49535435,30.27769793,29.72656906,30.24959827,30.18460166,30.33878549,30.19997662,31.17551469,31.37349495,31.16773641,32.28266349,31.65599249,34.26091395,,,,
219,Sao Tome and Principe,54.7,55.5,55.3,51.8,48.9,47.9,47.3,47.7,46.0,45.4,38.2,42.4,40.1,42.8,38.4,39.2,38.1,39.2,40.6,38.6,41.6,40.8,42.5,,
220,Suriname,23.6,24.1,27.8,24.6,22.6,18.9,22.1,24.6,26.2,26.5,22.1,21.2,15.8,17.6,12.8,11.6,11.1,15.5,18.3,14.9,14.6,14.5,,,
221,Slovak Republic,3.7,6.0,5.5,5.3,6.2,6.3,6.6,8.2,7.6,10.0,10.3,10.4,10.5,10.7,12.2,13.4,13.1,12.4,12.4,17.6,17.6,17.9,,,
222,Slovenia,18.0,18.7,16.3,16.9,17.8,18.6,17.4,18.4,17.6,19.6,20.1,19.1,20.2,22.5,22.9,21.4,21.0,19.7,20.6,20.9,22.7,23.4,,,
223,Sweden,39.8,37.4,35.9,34.6,35.5,39.3,40.1,41.8,43.2,45.7,44.7,45.4,48.3,47.3,48.6,51.9,50.9,51.8,51.6,52.9,57.8,57.9,,,
224,Eswatini,60.1,60.9,63.6,66.5,66.6,67.0,66.8,66.9,67.8,66.7,68.5,69.3,68.8,66.1,68.3,68.8,64.3,65.3,65.7,64.4,63.7,65.4,64.7,,
225,Sint Maarten (Dutch part),,,,,,,,,,,,,0.0,0.0,0.0,0.0,0.0,0.0,0.0,0.0,0.0,0.0,0.0,,
226,Seychelles,1.5,1.3,1.1,1.1,1.0,0.9,0.9,1.0,0.9,0.8,0.7,0.8,0.8,1.5,1.4,1.4,1.2,1.2,1.2,1.2,1.3,1.7,1.9,,
227,Syrian Arab Republic,2.0,2.1,1.6,1.9,2.6,2.1,1.8,1.5,1.2,0.9,1.4,1.6,2.0,3.1,2.7,0.6,1.3,1.1,0.9,1.0,1.1,1.1,,,
228,Turks and Caicos Islands,0.4,0.4,0.4,0.4,0.4,0.4,0.3,0.3,0.3,0.3,0.3,0.4,0.4,0.4,0.4,0.4,0.4,0.3,0.4,0.5,0.5,0.8,0.8,,
229,Chad,88.7,88.6,88.5,83.9,84.0,83.8,83.7,82.4,79.8,79.4,79.2,80.7,76.1,72.6,72.5,72.7,72.7,72.8,73.1,72.8,71.9,69.9,70.0,,
230,East Asia & Pacific (IDA & IBRD countries),32.04738381,30.85438402,29.60696544,26.9036924,23.4592337,20.88682911,19.90886683,18.51489996,17.86407208,17.02082279,15.76108897,14.70466691,14.70994084,14.58288784,14.82629343,14.51028164,14.90203803,15.19022731,15.28017192,15.72067172,16.20410191,,,,
231,Europe & Central Asia (IDA & IBRD countries),5.776878309,5.705127022,5.769216094,5.64950276,5.881335112,5.996649552,5.817341502,5.75867133,5.64264696,6.304972,6.452944818,6.049484561,6.284022871,6.841656974,6.525843808,6.915551489,7.040150932,6.756338432,7.257799899,7.590125276,8.026844163,,,,
232,Togo,77.1,82.0,78.7,74.8,76.1,77.2,79.7,79.9,76.5,63.4,65.8,69.1,72.7,76.2,81.4,81.0,80.7,78.4,76.7,78.6,76.2,75.1,,,
233,Thailand,21.8,19.9,19.9,20.2,19.9,20.1,20.5,21.6,22.6,22.8,22.8,23.0,23.6,23.2,24.4,22.6,22.4,22.2,23.7,23.9,20.9,19.0,,,
234,Tajikistan,62.4,64.1,64.2,64.6,61.4,63.7,61.6,53.8,54.6,60.6,61.8,60.0,55.8,55.1,45.9,48.1,43.7,44.2,41.6,40.1,38.8,34.9,,,
235,Turkmenistan,0.1,0.1,0.1,0.1,0.1,0.1,0.1,0.1,0.1,0.1,0.1,0.1,0.0,0.1,0.1,0.1,0.1,0.1,0.1,0.1,0.1,0.1,,,
236,Latin America & the Caribbean (IDA & IBRD countries),28.5774087,27.98577549,28.62896404,29.19282895,29.00321304,29.18681407,29.28839604,29.41629069,29.50664034,30.36699465,29.41856919,28.77139617,28.20929311,28.00913359,27.92345653,28.48813571,29.14848357,29.64088308,30.49537933,30.87308495,34.49896325,,,,
237,Timor-Leste,,,48.2,47.9,44.0,43.6,41.9,41.9,39.7,36.9,34.8,32.8,25.6,22.6,18.1,18.0,12.7,13.2,12.7,11.7,11.4,12.1,11.4,,
238,"Middle East, North Africa, Afghanistan & Pakistan (IDA & IBRD)",12.99200029,12.83682105,12.81368825,12.94204663,12.67632068,12.44484502,12.012538,11.41482056,11.16062876,11.07991581,11.19751214,11.05933089,11.03844564,11.14247289,11.04101706,11.28818087,11.14568515,10.94306096,10.95570392,11.47710718,11.20250855,,,,
239,Tonga,2.5,2.7,2.5,2.0,2.1,2.1,1.9,2.2,2.0,1.8,1.0,1.1,1.1,1.6,1.7,1.9,2.0,2.0,1.8,1.8,1.9,1.8,2.3,,
240,South Asia (IDA & IBRD),49.17864448,49.16709936,47.93807884,47.667348,46.99979267,46.22241989,45.24530534,43.53226007,41.44806756,39.4741031,38.15666301,36.80927131,36.38518888,36.61075585,35.50965224,34.88341685,34.20747724,33.58888747,33.88349982,34.42935799,36.88646591,,,,
241,Sub-Saharan Africa (IDA & IBRD countries),72.64310595,72.52056264,72.00354221,71.31432365,70.80525212,70.52373308,70.61462025,70.11007504,69.97629642,70.03698312,70.55225258,69.95492148,68.96843045,67.8510971,67.63037077,68.02555158,67.96252382,67.81755447,67.66607132,68.16938502,70.27011339,,,,
242,Trinidad and Tobago,0.8,0.7,0.7,0.6,0.6,0.5,0.6,0.4,0.5,0.5,0.4,0.4,0.4,0.4,0.3,0.4,0.4,0.4,0.5,0.4,0.5,0.5,,,
243,Tunisia,14.2,14.2,14.6,14.1,13.9,14.2,14.3,14.3,14.6,16.1,12.6,13.2,13.0,13.2,12.9,12.5,12.4,11.8,11.9,12.2,12.9,11.6,,,
244,Turkiye,17.3,18.1,17.5,16.3,16.8,15.3,14.2,12.5,12.5,13.1,14.2,12.7,13.0,13.8,11.5,13.3,13.2,11.4,11.8,14.1,13.7,12.0,,,
245,Tuvalu,0.0,0.0,0.0,0.0,0.0,0.0,0.0,0.0,0.2,0.2,0.4,0.2,0.3,0.7,0.7,3.0,7.3,7.0,6.4,6.3,5.0,5.0,5.2,,
246,Tanzania,93.6,93.1,92.4,92.4,91.3,90.3,89.9,90.6,90.3,91.0,89.4,87.6,85.2,84.5,84.7,82.8,81.7,82.0,81.3,80.4,80.8,78.3,,,
247,Uganda,95.3,95.5,95.6,95.6,95.3,94.5,94.2,94.1,94.1,94.3,93.6,93.3,93.4,93.1,92.4,91.7,91.4,91.3,90.5,90.5,91.6,91.0,90.9,,
248,Ukraine,1.2,1.2,1.0,1.0,1.2,1.3,1.8,2.4,2.7,3.0,2.9,2.7,2.9,3.5,3.5,4.2,5.5,6.5,6.9,7.4,8.7,8.9,,,
249,Upper middle income,24.75769021,23.9539036,23.39360177,21.93602081,19.9726007,18.43043677,17.75882349,16.77747133,16.41441872,16.1102032,15.36315129,14.37855094,14.25898639,14.19344135,14.36878797,14.54291892,14.90968471,15.13181499,15.31281123,15.86409514,16.58534276,,,,
250,Uruguay,38.7,41.6,43.2,43.8,39.3,41.3,37.6,43.2,44.1,44.6,53.3,49.7,47.9,51.9,56.7,59.4,60.3,60.8,60.8,59.3,61.2,57.8,,,
251,United States,5.4,4.7,4.8,5.3,5.5,5.8,6.4,6.3,6.8,7.3,7.4,8.4,8.5,8.9,9.0,8.9,9.3,9.7,9.9,10.2,11.0,10.9,,,
252,Uzbekistan,0.7,0.8,1.0,1.4,1.0,1.6,0.8,0.9,0.8,1.2,1.3,0.9,1.3,1.2,1.4,1.7,1.6,1.7,1.5,1.6,1.0,1.0,,,
253,St. Vincent and the Grenadines,8.5,6.2,6.1,5.6,5.9,5.8,5.3,4.7,5.3,4.1,5.1,6.1,5.0,5.4,3.3,4.3,4.1,5.3,4.9,5.4,5.2,5.0,5.1,,
254,"Venezuela, RB",15.3,14.0,12.8,13.4,14.6,14.2,15.6,16.6,16.4,16.2,13.8,14.8,13.8,15.4,12.1,15.4,14.6,14.3,14.6,15.8,31.2,33.7,,,
255,British Virgin Islands,0.9,0.9,0.8,0.8,0.8,0.8,0.7,0.7,0.7,0.7,0.7,0.9,0.9,1.0,1.0,1.0,1.0,1.1,1.2,1.2,1.3,1.3,1.3,,
256,Virgin Islands (U.S.),0.5,0.6,0.6,0.6,0.6,0.7,0.7,0.7,0.7,0.8,0.7,1.2,2.0,2.9,4.2,5.6,5.7,5.3,5.8,6.2,5.9,5.9,5.9,,
257,Viet Nam,57.7,56.1,52.2,50.8,45.8,44.1,44.2,41.9,39.3,37.0,34.6,36.3,37.9,37.4,36.7,27.8,26.8,28.3,24.3,20.4,18.9,24.2,,,
258,Vanuatu,49.5,51.3,53.3,52.7,55.4,54.9,55.3,51.6,52.1,38.7,38.1,35.8,39.0,40.9,31.5,35.6,33.1,35.7,29.7,31.6,26.0,24.6,25.0,,
259,World,17.5262814,17.21410125,17.22065579,17.06747063,16.78347915,16.63709933,16.72907722,16.53746603,16.65698179,17.06549936,16.74148151,16.69872056,16.89621508,17.16924642,17.32999516,17.40350827,17.62810849,17.8541835,18.10522707,18.57516414,19.73556411,,,,
260,Samoa,59.7,52.4,49.6,52.4,48.8,48.9,46.0,43.2,45.0,43.2,41.9,40.6,40.2,42.6,41.4,37.1,36.8,35.8,36.6,34.2,35.6,36.0,35.9,,
261,Kosovo,,,,,,,,,,,,,,,,,,,,,,,,,
262,"Yemen, Rep.",0.9,0.9,0.9,0.8,0.8,0.7,0.8,0.8,0.7,0.7,0.8,0.9,1.1,0.8,0.8,2.0,2.6,3.0,2.9,3.0,3.5,3.7,,,
263,South Africa,16.2,15.0,13.3,11.8,11.0,9.7,9.3,8.7,9.7,9.2,9.4,9.0,8.3,7.8,7.6,7.6,7.8,7.9,8.0,8.7,9.8,9.7,,,
264,Zambia,90.0,89.8,89.6,89.3,89.4,88.9,89.7,90.7,89.8,89.2,89.2,87.9,85.4,85.3,84.6,84.0,84.0,83.5,83.8,86.1,85.4,83.0,,,
265,Zimbabwe,69.5,72.3,74.7,78.0,81.8,80.3,78.7,78.0,81.6,82.6,81.2,77.2,77.0,79.3,80.8,80.8,81.7,82.0,79.7,81.0,84.1,82.4,,,
