country_name,country_code,2000,2001,2002,2003,2004,2005,2006,2007,2008,2009,2010,2011,2012,2013,2014,2015,2016,2017,2018,2019,2020,2021,2022,2023
Aruba,ABW,4.2,4.2,4.2,4.2,4.2,4.2,4.2,4.2,4.2,4.2,4.2,4.2,4.2,4.2,4.2,4.2,4.2,4.2,4.2,4.2,4.2,4.2,4.2,4.2
Africa Eastern and Southern,AFE,4769063.54,4744578.076,4720092.612,4695607.148,4671121.684,4646636.22,4622150.756,4597665.292,4573179.828,4548694.364,4524208.9,4494761.76,4734211.36,4703021.74,4671832.12,4640642.5,4607876.1,4575901.2,4544314.78,4511676.2,4479395.0,4446875.546,4414514.929,
Afghanistan,AFG,12084.4,12084.4,12084.4,12084.4,12084.4,12084.4,12084.4,12084.4,12084.4,12084.4,12084.4,12084.4,12084.4,12084.4,12084.4,12084.4,12084.4,12084.4,12084.4,12084.4,12084.4,12084.4,12084.4,12084.4
Africa Western and Central,AFW,1953461.84,1945128.216,1936794.592,1928460.968,1920127.344,1911793.72,1903460.096,1895126.472,1886792.848,1878459.224,1870125.6,1862169.28,1854212.96,1846256.64,1838300.32,1830344.0,1822960.779,1815608.1,1807898.6,1800220.1,1792580.7,1784915.233,1777267.144,
Angola,AGO,777086.1,771535.49,765984.88,760434.27,754883.66,749333.05,743782.44,738231.83,732681.22,727130.61,721580.0,716029.38,710478.76,704928.14,699377.52,693826.9,688276.2,682725.7,677175.1,671624.4,666073.8,660523.133,654972.511,649421.859
Albania,ALB,7693.0,7705.77,7718.54,7731.31,7744.08,7756.85,7769.62,7782.39,7795.16,7807.93,7820.7,7834.935,7849.17,7863.405,7877.64,7891.875,7891.8,7889.025,7889.0,7889.0,7889.0,7889.0,7889.0,7889.0
Andorra,AND,160.0,160.0,160.0,160.0,160.0,160.0,160.0,160.0,160.0,160.0,160.0,160.0,160.0,160.0,160.0,160.0,160.0,160.0,160.0,160.0,160.0,160.0,160.0,160.0
Arab World,ARB,193520.1,193303.32,193086.54,192869.76,192652.98,192436.2,192219.42,192002.64,191785.86,191569.08,191352.3,190669.62,387313.68,384888.52,382463.36,380038.2,377730.6,375191.7,372634.1,370302.7,367980.7,365652.433,363226.944,
United Arab Emirates,ARE,3094.3,3102.17,3110.04,3117.91,3125.78,3133.65,3141.52,3149.39,3157.26,3165.13,3173.0,3173.0,3173.0,3173.0,3173.0,3173.0,3173.0,3173.0,3173.0,3173.0,3173.0,3173.0,3173.0,3173.0
Argentina,ARG,333780.0,330616.0,327452.0,324288.0,321124.0,317960.0,314796.0,311632.0,308468.0,305304.0,302140.0,299906.0,297672.0,295438.0,293204.0,290970.0,290100.0,288990.0,287910.0,286810.0,285730.0,284640.0,283550.0,282461.852
Armenia,ARM,3326.4,3324.32,3322.24,3320.16,3318.08,3316.0,3313.92,3311.84,3309.76,3307.68,3305.6,3303.52,3301.44,3299.36,3297.28,3295.2,3293.1,3291.0,3288.9,3286.8,3284.7,3282.6,3280.5,3276.3
American Samoa,ASM,177.3,177.0,176.7,176.4,176.1,175.8,175.5,175.2,174.9,174.6,174.3,174.0,173.7,173.4,173.1,172.8,172.5,172.2,171.9,171.6,171.3,171.0,170.7,170.4
Antigua and Barbuda,ATG,94.5,93.83,93.16,92.49,91.82,91.15,90.48,89.81,89.14,88.47,87.8,87.14,86.48,85.82,85.16,84.5,83.8,83.2,82.5,81.8,81.2,80.533,79.911,79.259
Australia,AUS,1318141.0,1315873.0,1313605.0,1311337.0,1309069.0,1306801.0,1304533.0,1302265.0,1299997.0,1297729.0,1295461.0,1302557.8,1309654.6,1316751.4,1323848.2,1330945.0,1340372.0,1340174.0,1340051.0,1340051.0,1340051.0,1340051.0,1340051.0,1340051.0
Austria,AUT,38381.4,38406.46,38431.52,38456.58,38481.64,38506.7,38531.76,38556.82,38581.88,38606.94,38632.0,38667.98,38703.96,38739.94,38775.92,38811.9,38847.9,38883.8,38919.7,38870.0,38898.2,38926.4,38954.5,38982.667
Azerbaijan,AZE,9872.2,9917.475,9962.749,10008.024,10053.298,10098.573,10143.848,10189.122,10234.397,10279.671,10324.946,10415.731,10506.515,10597.3,10688.085,10778.87,10874.752,10971.848,11087.15,11202.4,11317.7,11432.967,11548.256,11663.53
Burundi,BDI,1939.4,1939.4,1939.4,1939.4,1939.4,1939.4,1939.4,1939.4,1939.4,1939.4,1939.4,2110.8,2282.2,2453.6,2625.0,2796.4,2796.4,2796.4,2796.4,2796.4,2796.4,2796.4,2796.4,2796.4
Belgium,BEL,6673.0,6695.57,6718.14,6740.71,6763.28,6785.85,6808.42,6830.99,6853.56,6876.13,6898.7,6897.56,6896.42,6895.28,6894.14,6893.0,6893.0,6893.0,6893.0,6893.0,6893.0,6893.0,6893.0,6893.0
Benin,BEN,41351.5,40851.5,40351.5,39851.5,39351.5,38851.5,38351.5,37851.5,37351.5,36851.5,36351.5,35851.5,35351.5,34851.5,34351.5,33851.5,33351.5,32851.5,32351.5,31851.5,31351.5,30851.5,30351.5,29851.5
Burkina Faso,BFA,72165.0,71665.0,71165.0,70665.0,70165.0,69665.0,69165.0,68665.0,68165.0,67665.0,67165.0,66664.8,66164.6,65664.4,65164.2,64664.0,64164.0,63664.0,63164.0,62664.0,62164.0,61664.0,61164.0,60664.0
Bangladesh,BGD,19203.281,19171.295,19139.309,19107.323,19075.337,19043.351,19011.365,18979.379,18947.393,18915.406,18883.42,18873.536,18863.652,18853.768,18843.884,18834.0,18834.0,18834.0,18834.0,18834.0,18834.0,18834.0,18834.0,18834.0
Bulgaria,BGR,33750.0,34112.0,34474.0,34836.0,35198.0,35560.0,35922.0,36284.0,36646.0,37008.0,37370.0,37562.0,37754.0,37946.0,38138.0,38330.0,38410.0,38540.0,38670.0,38800.0,38930.0,39060.0,39190.0,39320.0
Bahrain,BHR,3.7,3.85,4.0,4.15,4.3,4.45,4.6,4.75,4.9,5.05,5.2,5.36,5.52,5.68,5.84,6.0,6.2,6.4,6.6,6.8,7.0,7.2,7.4,7.6
"Bahamas, The",BHS,5098.6,5098.6,5098.6,5098.6,5098.6,5098.6,5098.6,5098.6,5098.6,5098.6,5098.6,5098.6,5098.6,5098.6,5098.6,5098.6,5098.6,5098.6,5098.6,5098.6,5098.6,5098.6,5098.6,5098.6
Bosnia and Herzegovina,BIH,21116.5,21107.51,21098.52,21089.53,21080.54,21071.55,21062.56,21053.57,21044.58,21035.59,21026.6,21142.28,21257.96,21373.64,21489.32,21605.0,21765.1,21879.1,21879.1,21879.1,21879.1,21879.1,21879.1,21879.1
Belarus,BLR,82730.0,83087.0,83444.0,83801.0,84158.0,84515.0,84872.0,85229.0,85586.0,85943.0,86300.0,86307.0,86314.0,86321.0,86328.0,86335.0,87096.0,87241.0,87386.0,87531.0,87676.0,87821.0,87966.0,88111.0
Belize,BLZ,14593.0,14525.09,14457.18,14389.27,14321.36,14253.45,14185.54,14117.63,14049.72,13981.81,13913.9,13796.78,13679.66,13562.54,13445.42,13328.3,13216.8,13105.2,12993.7,12882.1,12770.5,12658.9,12547.3,12435.7
Bermuda,BMU,10.0,10.0,10.0,10.0,10.0,10.0,10.0,10.0,10.0,10.0,10.0,10.0,10.0,10.0,10.0,10.0,10.0,10.0,10.0,10.0,10.0,10.0,10.0,10.0
Bolivia,BOL,551013.9,548998.52,546983.14,544967.76,542952.38,540937.0,538921.62,536906.24,534890.86,532875.48,530860.1,528742.52,526624.94,524507.36,522389.78,520272.2,517506.8,514922.2,512532.4,510337.6,508337.6,506207.733,504164.444,502063.436
Brazil,BRA,5510886.0,5471378.1,5431870.2,5392362.3,5352854.4,5313346.5,5273838.6,5234330.7,5194822.8,5155314.9,5115807.0,5100415.2,5085023.4,5069631.6,5054239.8,5038850.0,5020820.0,5000920.0,4990510.0,4977990.0,4966196.0,4953910.0,4941960.0,4929787.518
Barbados,BRB,63.0,63.0,63.0,63.0,63.0,63.0,63.0,63.0,63.0,63.0,63.0,63.0,63.0,63.0,63.0,63.0,63.0,63.0,63.0,63.0,63.0,63.0,63.0,63.0
Brunei Darussalam,BRN,3970.0,3953.0,3936.0,3919.0,3902.0,3885.0,3868.0,3851.0,3834.0,3817.0,3800.0,3800.0,3800.0,3800.0,3800.0,3800.0,3800.0,3800.0,3800.0,3800.0,3800.0,3800.0,3800.0,3800.0
Bhutan,BTN,26060.0,26159.29,26258.58,26357.87,26457.16,26556.45,26655.74,26755.03,26854.32,26953.61,27052.9,27072.68,27092.46,27112.24,27132.02,27151.8,27171.6,27191.4,27211.2,27230.0,27250.0,27270.0,27290.0,27310.2
Botswana,BWA,176207.0,175024.0,173841.0,172658.0,171475.0,170292.0,169109.0,167926.0,166743.0,165560.0,164377.0,163194.0,162011.0,160828.0,159645.0,158462.0,157279.0,156096.0,154913.0,153730.0,152547.0,151364.0,150181.0,148998.0
Central African Republic,CAF,229030.0,228730.0,228430.0,228130.0,227830.0,227530.0,227230.0,226930.0,226630.0,226330.0,226030.0,225730.0,225430.0,225130.0,224830.0,224530.0,224230.0,223930.0,223630.0,223330.0,223030.0,222730.0,222430.0,222130.0
Canada,CAN,3478019.7,3477539.94,3477060.18,3476580.42,3476100.66,3475620.9,3475141.14,3474661.38,3474181.62,3473701.86,3473222.1,3472809.1,3472396.1,3471983.1,3471570.1,3471157.1,3470760.4,3470390.5,3470020.7,3469650.8,3469281.0,3468911.133,3468541.311,3468171.459
Central Europe and the Baltics,CEB,358777.6,360147.66,361517.72,362887.78,364257.84,365627.9,366997.96,368368.02,369738.08,371108.14,372478.2,373931.3,375384.4,376837.5,378290.6,379743.7,380336.502,380939.984,381258.0,381574.9,381881.8,382195.367,382504.489,
Switzerland,CHE,11961.8,12000.34,12038.88,12077.42,12115.96,12154.5,12193.04,12231.58,12270.12,12308.66,12347.2,12381.58,12415.96,12450.34,12484.72,12519.1,12553.5,12587.9,12622.3,12656.7,12691.1,12725.5,12759.9,12794.3
Channel Islands,CHI,8.3,8.49,8.68,8.87,9.06,9.25,9.44,9.63,9.82,10.01,10.2,10.2,10.2,10.2,10.2,10.2,10.2,10.2,10.2,10.2,10.2,10.2,,
Chile,CHL,158170.6,159078.8,159987.0,160895.2,161803.4,162711.6,163619.8,164528.0,165436.2,166344.4,167252.6,168994.24,170735.88,172477.52,174219.16,175960.8,177190.1,178419.4,179648.7,180878.0,182107.0,183336.2,184565.266,185794.421
China,CHN,1770005.5,1793615.33,1817225.16,1840834.99,1864444.82,1888054.65,1911664.48,1935274.31,1958884.14,1982493.97,2006103.8,2025471.54,2044839.28,2064207.02,2083574.76,2102942.5,2124600.0,2143390.0,2162190.0,2180990.0,2199780.0,2218580.0,2237370.0,2256168.9
Cote d'Ivoire,CIV,50944.5,49815.63,48686.76,47557.89,46429.02,45300.15,44171.28,43042.41,41913.54,40784.67,39655.8,38526.94,37398.08,36269.22,35140.36,34011.5,32882.6,31753.7,30624.8,29496.0,28367.1,27238.267,26109.389,24980.541
Cameroon,CMR,215974.9,215277.89,214580.88,213883.87,213186.86,212489.85,211792.84,211095.83,210398.82,209701.81,209004.8,208444.8,207884.8,207324.8,206764.8,206204.8,205644.8,205084.8,204524.8,203964.8,203404.8,202844.8,202284.8,201724.8
"Congo, Dem. Rep.",COD,1438990.0,1432260.0,1425530.0,1418800.0,1412070.0,1405340.0,1398610.0,1391880.0,1385150.0,1378420.0,1371690.0,1360676.24,1349662.48,1338648.72,1327634.96,1316621.2,1305607.4,1294593.7,1283580.0,1272570.0,1261550.0,1250540.0,1239520.0,1228511.159
"Congo, Rep.",COG,221950.0,221830.0,221710.0,221590.0,221470.0,221350.0,221230.0,221110.0,220990.0,220870.0,220750.0,220630.0,220510.0,220390.0,220270.0,220150.0,220030.0,219910.0,219760.0,219610.0,219460.0,219310.0,219160.0,219010.0
Colombia,COL,627355.0,625427.29,623499.58,621571.87,619644.16,617716.45,615788.74,613861.03,611933.32,610005.61,608077.9,606731.64,605385.38,604039.12,602692.86,601346.6,599594.9,597397.7,595404.8,593412.0,591419.1,589426.267,587433.389,585440.541
Comoros,COM,416.8,412.42,408.04,403.66,399.28,394.9,390.52,386.14,381.76,377.38,373.0,368.62,364.24,359.86,355.48,351.1,346.7,342.3,338.0,333.6,329.2,324.8,320.4,316.0
Cabo Verde,CPV,397.2,400.2,403.2,406.2,409.2,412.2,415.2,418.2,421.2,424.2,427.2,430.2,433.2,436.2,439.2,442.2,445.2,448.2,451.2,454.2,457.2,460.2,463.2,466.2
Costa Rica,CRI,28572.2,28586.18,28600.16,28614.14,28628.12,28642.1,28656.08,28670.06,28684.04,28698.02,28712.0,28875.66,29039.32,29202.98,29366.64,29530.3,29694.0,29857.7,30021.3,30185.0,30348.7,30512.4,30676.1,30839.8
Caribbean small states,CSS,362527.7,362369.22,362210.74,362052.26,361893.78,361735.3,361576.82,361418.34,361259.86,361101.38,360942.9,360607.6,360272.3,359937.0,359601.7,359266.4,358944.5,358663.0,358332.2,358001.1,357670.3,357339.299,357008.433,
Cuba,CUB,24350.0,24847.0,25344.0,25841.0,26338.0,26835.0,27332.0,27829.0,28326.0,28823.0,29320.0,29824.0,30328.0,30832.0,31336.0,31840.0,32410.0,32420.0,32420.0,32420.0,32420.0,32420.0,32420.0,32420.0
Curacao,CUW,,,,,,,,,,,,0.7,0.7,0.7,0.7,0.7,0.7,0.7,0.7,0.7,0.7,0.7,0.7,0.7
Cayman Islands,CYM,129.3,129.09,128.88,128.67,128.46,128.25,128.04,127.83,127.62,127.41,127.2,127.2,127.2,127.2,127.2,127.2,127.2,127.2,128.1,127.2,127.2,126.6,126.4,125.933
Cyprus,CYP,1716.1,1717.33,1718.56,1719.79,1721.02,1722.25,1723.48,1724.71,1725.94,1727.17,1728.4,1728.14,1727.88,1727.62,1727.36,1727.1,1726.1,1725.9,1725.7,1725.5,1725.3,1725.1,1724.9,1724.7
Czechia,CZE,26372.9,26392.99,26413.08,26433.17,26453.26,26473.35,26493.44,26513.53,26533.62,26553.71,26573.8,26595.82,26617.84,26639.86,26661.88,26683.9,26698.5,26716.6,26734.7,26752.8,26770.9,26789.0,26807.1,26825.2
Germany,DEU,113540.0,113595.0,113650.0,113705.0,113760.0,113815.0,113870.0,113925.0,113980.0,114035.0,114090.0,114110.0,114130.0,114150.0,114170.0,114190.0,114190.0,114190.0,114190.0,114190.0,114190.0,114190.0,114190.0,114190.0
Djibouti,DJI,56.0,56.0,56.0,56.0,56.0,56.0,56.0,56.0,56.0,56.0,56.0,56.0,56.0,56.0,56.0,56.0,56.0,56.1,56.4,57.0,58.0,58.733,59.644,60.436
Dominica,DMA,478.7,478.7,478.7,478.7,478.7,478.7,478.7,478.7,478.7,478.7,478.7,478.7,478.7,478.7,478.7,478.7,478.7,478.7,478.7,478.7,478.7,478.7,478.7,478.7
Denmark,DNK,5716.0,5730.89,5745.78,5760.67,5775.56,5790.45,5805.34,5820.23,5835.12,5850.01,5864.9,5941.28,6017.66,6094.04,6170.42,6246.8,6246.6,6256.0,6265.6,6275.0,6284.4,6293.8,6303.2,6312.6
Dominican Republic,DOM,19724.7,19825.35,19926.0,20026.65,20127.3,20227.95,20328.6,20429.25,20529.9,20630.55,20731.2,20792.26,20853.32,20914.38,20975.44,21036.5,21117.4,21198.3,21279.2,21360.1,21441.0,21521.9,21602.8,21683.7
Algeria,DZA,15790.0,16129.0,16468.0,16807.0,17146.0,17485.0,17824.0,18163.0,18502.0,18841.0,19180.0,19256.0,19332.0,19408.0,19484.0,19560.0,19560.0,19430.0,19300.0,19390.0,19490.0,19580.0,19680.0,19775.926
East Asia & Pacific (excluding high income),EAP,4613250.963,4632251.852,4651252.741,4670253.63,4689254.519,4708255.408,4727256.297,4746257.186,4765258.075,4784258.964,4803259.853,4808852.164,4814444.475,4820036.787,4825629.098,4831221.409,4851561.07,4851687.9,4859354.9,4867024.9,4874695.0,4882365.033,4890035.111,
Early-demographic dividend,EAR,8070690.194,8049101.832,8027513.47,8005925.108,7984336.746,7962748.384,7941160.022,7919571.66,7897983.298,7876394.935,7854806.573,7824279.76,7793752.947,7763226.135,7732699.322,7702172.509,7686805.0,7655531.46,7632988.4,7610957.1,7589317.5,7567416.765,7544188.721,
East Asia & Pacific,EAS,6358553.198,6375269.613,6391986.029,6408702.445,6425418.861,6442135.277,6458851.693,6475568.109,6492284.525,6509000.941,6525717.357,6538256.81,6550796.263,6563335.717,6575875.17,6588414.623,6617999.125,6617836.7,6625321.5,6632992.9,6640831.4,6648558.5,6656359.867,
Europe & Central Asia (excluding high income),ECA,580309.968,582143.626,583977.282,585810.94,587644.597,589478.255,624895.912,627183.569,629471.227,631758.883,634046.541,636609.415,639172.287,641735.16,644298.034,646860.907,648731.752,650984.675,653606.462,656230.0,658855.7,661479.959,664105.178,
Europe & Central Asia,ECS,10354188.164,10366851.434,10379514.703,10392177.974,10404841.244,10417504.514,10463751.783,10476869.053,10489986.324,10503103.593,10516220.863,10521971.919,10527722.972,10533474.027,10539225.082,10544976.137,10551036.454,10557512.059,10562170.462,10566743.7,10571377.0,10576022.16,10580649.256,
Ecuador,ECU,137305.0,136602.69,135900.38,135198.07,134495.76,133793.45,133091.14,132388.83,131686.52,130984.21,130281.9,129863.88,129445.86,129027.84,128609.82,128191.8,127549.1,126906.4,126263.7,125621.0,124978.3,124335.6,123692.9,123050.2
"Egypt, Arab Rep.",EGY,592.1,598.53,604.96,611.39,617.82,624.25,630.68,637.11,643.54,649.97,656.4,621.96,587.52,553.08,518.64,484.2,449.8,449.8,449.8,449.8,449.8,449.8,449.8,449.8
Euro area,EMU,997053.096,1001016.839,1004980.583,1008944.326,1012908.07,1016871.813,1020835.556,1024799.3,1028763.043,1032726.787,1036690.53,1038890.45,1041090.37,1043290.29,1045490.21,1047690.13,1049312.402,1051197.284,1052761.1,1054238.9,1055784.6,1057336.967,1058884.789,
Eritrea,ERI,11184.6,11153.0,11121.4,11089.8,11058.2,11026.6,10995.0,10963.4,10931.8,10900.2,10868.6,10837.0,10805.4,10773.8,10742.2,10710.6,10679.0,10647.4,10615.8,10584.2,10552.6,10521.0,10489.4,10457.8
Spain,ESP,170939.3,172390.71,173842.12,175293.53,176744.94,178196.35,179647.76,181099.17,182550.58,184001.99,185453.4,185465.08,185476.76,185488.44,185500.12,185511.8,185552.4,185593.0,185635.9,185678.8,185721.7,185764.6,185807.5,185850.4
Estonia,EST,22388.9,22486.03,22583.16,22680.29,22777.42,22874.55,22971.68,23068.81,23165.94,23263.07,23360.2,23530.18,23700.16,23870.14,24040.12,24210.1,24212.5,24384.0,24384.0,24384.0,24384.0,24384.0,24384.0,24384.0
Ethiopia,ETH,185285.0,184555.0,183825.0,183095.0,182365.0,181635.0,180905.0,180175.0,179445.0,178715.0,177985.0,177255.0,176525.0,175795.0,175065.0,174335.0,173605.0,172875.0,172145.0,171415.0,170685.0,169955.0,169225.0,168495.0
European Union,EUU,1517983.696,1522798.639,1527613.583,1532428.526,1537243.47,1542058.413,1546873.356,1551688.3,1556503.243,1561318.187,1566133.13,1569420.23,1572707.33,1575994.43,1579281.53,1582568.63,1584695.302,1586843.084,1588671.1,1590411.9,1592220.5,1594035.834,1595846.578,
Fragile and conflict affected situations,FCS,4899615.763,4879303.272,4858990.781,4838678.29,4818365.799,4798053.308,4777740.817,4757428.326,4737115.835,4716803.344,4696490.853,4672364.124,4917134.135,4891264.927,4865395.718,4839526.509,4812630.179,4786819.7,4761632.38,4735958.3,4710928.0,4685468.513,4660193.751,
Finland,FIN,224456.4,224252.76,224049.12,223845.48,223641.84,223438.2,223234.56,223030.92,222827.28,222623.64,222420.0,222754.0,223088.0,223422.0,223756.0,224090.0,224090.0,224090.0,224090.0,224090.0,224090.0,224090.0,224090.0,224090.0
Fiji,FJI,10064.7,10131.47,10198.24,10265.01,10331.78,10398.55,10465.32,10532.09,10598.86,10665.63,10732.4,10799.16,10865.92,10932.68,10999.44,11066.2,11133.0,11199.8,11266.6,11333.4,11400.2,11467.0,11533.8,11600.6
France,FRA,152880.0,154011.0,155142.0,156273.0,157404.0,158535.0,159666.0,160797.0,161928.0,163059.0,164190.0,165024.0,165858.0,166692.0,167526.0,168360.0,169194.0,170028.0,170862.0,171696.0,172530.0,173364.0,174198.0,175032.0
Faroe Islands,FRO,0.8,0.8,0.8,0.8,0.8,0.8,0.8,0.8,0.8,0.8,0.8,0.8,0.8,0.8,0.8,0.8,0.8,0.8,0.8,0.8,0.8,0.8,0.8,0.8
"Micronesia, Fed. Sts.",FSM,638.6,638.87,639.14,639.41,639.68,639.95,640.22,640.49,640.76,641.03,641.3,641.58,641.86,642.14,642.42,642.7,643.0,643.3,643.6,643.9,644.2,644.5,644.8,645.1
Gabon,GAB,237000.0,236949.41,236898.82,236848.23,236797.64,236747.05,236696.46,236645.87,236595.28,236544.69,236494.1,236375.28,236256.46,236137.64,236018.82,235900.0,235781.2,235662.4,235543.6,235424.8,235306.0,235187.2,235068.4,234949.6
United Kingdom,GBR,29540.0,29645.0,29750.0,29855.0,29960.0,30065.0,30170.0,30275.0,30380.0,30485.0,30590.0,30782.0,30974.0,31166.0,31358.0,31550.0,31590.0,31640.0,31730.0,31820.0,31900.0,31986.667,32069.0,32154.222
Georgia,GEO,27606.0,27667.8,27729.6,27791.4,27853.2,27915.0,27976.8,28038.6,28100.4,28162.2,28224.0,28224.0,28224.0,28224.0,28224.0,28224.0,28224.0,28224.0,28224.0,28224.0,28224.0,28224.0,28224.0,28224.0
Ghana,GHA,88486.1,87580.42,86674.74,85769.06,84863.38,83957.7,83052.02,82146.34,81240.66,80334.98,79429.3,79304.32,79179.34,79054.36,78929.38,78804.4,79222.4,79640.4,79712.6,79784.8,79857.1,79929.333,80001.611,80073.859
Gibraltar,GIB,0.0,0.0,0.0,0.0,0.0,0.0,0.0,0.0,0.0,0.0,0.0,0.0,0.0,0.0,0.0,0.0,0.0,0.0,0.0,0.0,0.0,0.0,0.0,0.0
Guinea,GIN,69290.0,68930.0,68570.0,68210.0,67850.0,67490.0,67130.0,66770.0,66410.0,66050.0,65690.0,65330.0,64970.0,64610.0,64250.0,63890.0,63490.0,63090.0,62690.0,62290.0,61890.0,61490.0,61090.0,60690.0
"Gambia, The",GMB,3573.3,3515.97,3458.64,3401.31,3343.98,3286.65,3229.32,3171.99,3114.66,3057.33,3000.0,2942.68,2885.36,2828.04,2770.72,2713.4,2656.0,2598.7,2541.4,2484.0,2426.7,2369.333,2312.011,2254.659
Guinea-Bissau,GNB,21488.8,21404.35,21319.9,21235.45,21151.0,21066.55,20982.1,20897.65,20813.2,20728.75,20644.3,20559.86,20475.42,20390.98,20306.54,20222.1,20137.7,20053.3,19968.9,19884.5,19800.1,19715.7,19631.3,19546.9
Equatorial Guinea,GNQ,26155.8,26072.23,25988.66,25905.09,25821.52,25737.95,25654.38,25570.81,25487.24,25403.67,25320.1,25236.52,25152.94,25069.36,24985.78,24902.2,24818.6,24735.0,24651.4,24567.8,24484.2,24400.6,24317.0,24233.4
Greece,GRC,36002.296,36303.869,36605.443,36907.016,37208.59,37510.163,37811.736,38113.31,38414.883,38716.457,39018.03,39018.03,39018.03,39018.03,39018.03,39018.03,39018.0,39018.0,39018.0,39018.0,39018.0,39018.0,39018.0,39018.0
Grenada,GRD,177.0,177.0,177.0,177.0,177.0,177.0,177.0,177.0,177.0,177.0,177.0,177.0,177.0,177.0,177.0,177.0,177.0,177.0,177.0,177.0,177.0,177.0,177.0,177.0
Greenland,GRL,2.2,2.2,2.2,2.2,2.2,2.2,2.2,2.2,2.2,2.2,2.2,2.2,2.2,2.2,2.2,2.2,2.2,2.2,2.2,2.2,2.2,2.2,2.2,2.2
Guatemala,GTM,42092.0,41605.4,41118.8,40632.2,40145.6,39659.0,39172.4,38685.8,38199.2,37712.6,37226.0,36952.4,36678.8,36405.2,36131.6,35858.0,35742.0,35626.0,35510.0,35394.0,35278.0,35162.0,35046.0,34930.0
Guam,GUM,240.0,240.0,240.0,240.0,240.0,240.0,240.0,240.0,240.0,240.0,240.0,242.0,244.0,246.0,248.0,250.0,280.0,280.0,280.0,280.0,280.0,280.0,280.0,280.0
Guyana,GUY,185642.2,185597.79,185553.38,185508.97,185464.56,185420.15,185375.74,185331.33,185286.92,185242.51,185198.1,185081.2,184964.3,184847.4,184730.5,184613.6,184521.6,184429.5,184337.5,184245.4,184153.4,184061.333,183969.311,183877.259
High income,HIC,18490387.731,18504828.559,18519269.389,18533710.219,18548151.049,18562591.878,18577032.707,18591473.537,18605914.367,18620355.197,18634796.026,18649360.33,18663907.833,18678455.337,18693002.84,18707550.344,18721794.857,18723756.284,18726639.7,18729617.4,18732822.0,18735927.233,18737688.555,
"Hong Kong SAR, China",HKG,,,,,,,,,,,,,,,,,,,,,,,,
Honduras,HND,67782.7,67579.9,67377.1,67174.3,66971.5,66768.7,66565.9,66363.1,66160.3,65957.5,65754.7,65531.42,65308.14,65084.86,64861.58,64638.3,64430.5,64221.1,64011.6,63802.1,63592.6,63383.1,63173.6,62964.1
Heavily indebted poor countries (HIPC),HPC,5643594.04,5617667.786,5591741.532,5565815.278,5539889.024,5513962.77,5488036.516,5462110.262,5436184.008,5410257.754,5384331.5,5354154.74,5521304.72,5489385.48,5457466.24,5425547.0,5391094.3,5357638.9,5324413.28,5290657.1,5257492.2,5223933.112,5190636.817,
Croatia,HRV,18850.0,18885.0,18920.0,18955.0,18990.0,19025.0,19060.0,19095.0,19130.0,19165.0,19200.0,19204.0,19208.0,19212.0,19216.0,19220.0,19241.202,19316.084,19341.1,19366.1,19391.1,19416.1,19441.1,19466.1
Haiti,HTI,3806.5,3804.23,3801.96,3799.69,3797.42,3795.15,3792.88,3790.61,3788.34,3786.07,3783.8,3752.74,3721.68,3690.62,3659.56,3628.5,3597.4,3566.3,3535.2,3504.1,3473.0,3441.9,3410.8,3379.7
Hungary,HUN,19211.7,19336.92,19462.14,19587.36,19712.58,19837.8,19963.02,20088.24,20213.46,20338.68,20463.9,20492.76,20521.62,20550.48,20579.34,20608.2,20587.3,20572.7,20559.2,20544.7,20530.1,20515.567,20500.989,20486.441
IBRD only,IBD,24313376.998,24286398.803,24259420.606,24232442.411,24205464.215,24178486.02,24185091.824,24158567.628,24132043.433,24105519.236,24078995.041,24061081.915,24043168.787,24025255.66,24007342.534,23989429.407,23985143.924,23956398.257,23945013.362,23931998.8,23920116.4,23907479.225,23895345.232,
IDA & IBRD total,IBT,31323466.092,31266148.005,31208829.916,31151511.829,31094193.741,31036875.654,31013141.566,30956277.478,30899413.391,30842549.301,30785685.214,30730503.435,30944218.394,30887294.135,30830369.876,30773445.616,30730119.403,30663552.759,30614234.742,30562279.0,30511852.4,30460406.37,30409639.96,
IDA total,IDA,7010089.094,6979749.202,6949409.31,6919069.418,6888729.526,6858389.634,6828049.742,6797709.85,6767369.958,6737030.065,6706690.173,6669421.52,6901049.607,6862038.475,6823027.342,6784016.209,6744975.479,6707154.502,6669221.38,6630280.2,6591736.0,6552927.145,6514294.728,
IDA blend,IDB,1592416.973,1587862.771,1583308.569,1578754.367,1574200.165,1569645.963,1565091.761,1560537.559,1555983.357,1551429.155,1546874.953,1542407.284,1537939.615,1533471.947,1529004.278,1524536.609,1520152.579,1516171.76,1511875.5,1507286.5,1502697.5,1498108.5,1493519.5,
Indonesia,IDN,1012800.0,1011179.2,1009558.4,1007937.6,1006316.8,1004696.0,1003075.2,1001454.4,999833.6,998212.8,996592.0,987329.4,978066.8,968804.2,959541.6,950279.0,952718.0,939498.0,933442.7,927387.3,921332.0,915276.633,909221.311,903165.959
IDA only,IDX,5417672.121,5391886.431,5366100.741,5340315.051,5314529.361,5288743.671,5262957.981,5237172.291,5211386.601,5185600.91,5159815.22,5127014.236,5363109.992,5328566.528,5294023.064,5259479.6,5224822.9,5190982.742,5157345.88,5122993.7,5089038.5,5054818.645,5020775.228,
Isle of Man,IMN,34.6,34.6,34.6,34.6,34.6,34.6,34.6,34.6,34.6,34.6,34.6,34.6,34.6,34.6,34.6,34.6,34.6,34.6,34.6,34.6,34.6,34.6,34.6,34.6
India,IND,675910.0,677815.0,679720.0,681625.0,683530.0,685435.0,687340.0,689245.0,691150.0,693055.0,694960.0,697624.0,700288.0,702952.0,705616.0,708280.0,710940.0,713610.0,716270.0,718940.0,721600.0,724260.0,726930.0,729592.0
Not classified,INX,,,,,,,,,,,,,,,,,,,,,,,,
Ireland,IRL,6303.6,6393.62,6483.64,6573.66,6663.68,6753.7,6843.72,6933.74,7023.76,7113.78,7203.8,7272.38,7340.96,7409.54,7478.12,7546.7,7623.5,7700.2,7740.2,7780.2,7820.2,7860.2,7900.2,7940.2
"Iran, Islamic Rep.",IRN,93256.6,94622.92,95989.24,97355.56,98721.88,100088.2,101454.52,102820.84,104187.16,105553.48,106919.8,106919.8,106919.8,106919.8,106919.8,106919.8,107020.0,107110.0,107270.0,107430.0,107520.0,107660.0,107760.0,107883.856
Iraq,IRQ,8180.0,8187.0,8194.0,8201.0,8208.0,8215.0,8222.0,8229.0,8236.0,8243.0,8250.0,8250.0,8250.0,8250.0,8250.0,8250.0,8250.0,8250.0,8250.0,8250.0,8250.0,8250.0,8250.0,8250.0
Iceland,ISL,298.3,313.14,327.98,342.82,357.66,372.5,387.34,402.18,417.02,431.86,446.7,453.68,460.66,467.64,474.62,481.6,486.6,493.8,500.4,506.9,513.5,520.0,526.6,533.133
Israel,ISR,1530.0,1531.0,1532.0,1533.0,1534.0,1535.0,1536.0,1537.0,1538.0,1539.0,1540.0,1562.0,1584.0,1606.0,1628.0,1650.0,1400.0,1400.0,1400.0,1400.0,1400.0,1400.0,1400.0,1400.0
Italy,ITA,83692.5,84351.29,85010.08,85668.87,86327.66,86986.45,87645.24,88304.03,88962.82,89621.61,90280.4,90818.48,91356.56,91894.64,92432.72,92970.8,93508.9,94047.0,94585.1,95123.2,95661.3,96199.4,96737.5,97275.6
Jamaica,JAM,5210.0,5247.45,5284.9,5322.35,5359.8,5397.25,5434.7,5472.15,5509.6,5547.05,5584.5,5622.52,5660.54,5698.56,5736.58,5774.6,5813.4,5852.3,5891.2,5930.0,5968.9,6007.733,6046.611,6085.459
Jordan,JOR,975.0,975.0,975.0,975.0,975.0,975.0,975.0,975.0,975.0,975.0,975.0,975.0,975.0,975.0,975.0,975.0,975.0,975.0,975.0,975.0,975.0,975.0,975.0,975.0
Japan,JPN,248760.0,248850.0,248940.0,249030.0,249120.0,249210.0,249300.0,249390.0,249480.0,249570.0,249660.0,249616.0,249572.0,249528.0,249484.0,249440.0,249400.0,249350.0,249350.0,249350.0,249350.0,249350.0,249350.0,249350.0
Kazakhstan,KAZ,31569.258,31494.512,31419.765,31345.019,31270.273,31195.527,31120.78,31046.034,30971.288,30896.541,30821.795,31274.349,31726.902,32179.455,32632.009,33084.562,33377.1,33669.6,33962.012,34254.4,34546.8,34839.192,35131.589,35423.983
Kenya,KEN,39611.9,39267.05,38922.2,38577.35,38232.5,37887.65,37542.8,37197.95,36853.1,36508.25,36163.4,35975.54,35787.68,35599.82,35411.96,35224.1,35519.7,35815.3,36110.9,36110.9,36110.9,36110.9,36110.9,36110.9
Kyrgyz Republic,KGZ,11809.0,11857.78,11906.56,11955.34,12004.12,12052.9,12101.68,12150.46,12199.24,12248.02,12296.8,12341.06,12385.32,12429.58,12473.84,12518.1,12562.4,12606.642,12789.0,12971.4,13153.8,13336.2,13518.6,13701.0
Cambodia,KHM,107810.0,107618.23,107426.46,107234.69,107042.92,106851.15,106659.38,106467.61,106275.84,106084.07,105892.3,102407.48,98922.66,95437.84,91953.02,88468.2,86911.3,85354.4,83797.5,82240.6,80683.7,79126.8,77569.9,76013.0
Kiribati,KIR,11.8,11.8,11.8,11.8,11.8,11.8,11.8,11.8,11.8,11.8,11.8,11.8,11.8,11.8,11.8,11.8,11.8,11.8,11.8,11.8,11.8,11.8,11.8,11.8
St. Kitts and Nevis,KNA,110.0,110.0,110.0,110.0,110.0,110.0,110.0,110.0,110.0,110.0,110.0,110.0,110.0,110.0,110.0,110.0,110.0,110.0,110.0,110.0,110.0,110.0,110.0,110.0
"Korea, Rep.",KOR,64760.0,64671.0,64582.0,64493.0,64404.0,64315.0,64226.0,64137.0,64048.0,63959.0,63870.0,63770.0,63670.0,63570.0,63470.0,63370.0,63250.0,63170.0,63070.0,62970.0,62870.0,62770.0,62670.0,62570.0
Kuwait,KWT,48.5,49.9,51.3,52.7,54.1,55.5,56.9,58.3,59.7,61.1,62.5,62.5,62.5,62.5,62.5,62.5,62.5,62.5,62.5,62.5,62.5,62.5,62.5,62.5
Latin America & Caribbean (excluding high income),LAC,9219899.0,9165052.29,9110205.58,9055358.87,9000512.16,8945665.45,8890818.74,8835972.03,8781125.32,8726278.61,8671431.9,8642101.76,8612771.62,8583441.48,8554111.34,8524781.2,8495011.0,8460153.9,8436472.3,8410697.7,8385877.9,8360421.567,8335389.588,
Lao PDR,LAO,174250.0,173765.5,173281.0,172796.5,172312.0,171827.5,171343.0,170858.5,170374.0,169889.5,169405.0,169060.0,168715.0,168370.0,168025.0,167680.0,167335.0,166990.0,166645.0,166300.0,165955.0,165610.0,165265.0,164920.0
Lebanon,LBN,1381.8,1380.97,1380.14,1379.31,1378.48,1377.65,1376.82,1375.99,1375.16,1374.33,1373.5,1379.46,1385.42,1391.38,1397.34,1403.3,1409.3,1415.3,1421.3,1427.3,1433.3,1439.3,1445.3,1451.3
Liberia,LBR,82226.4,81923.8,81621.2,81318.6,81016.0,80713.4,80410.8,80108.2,79805.6,79503.0,79200.4,78897.8,78595.2,78292.6,77990.0,77687.4,77384.8,77082.2,76779.6,76477.0,76174.4,75871.8,75569.2,75266.6
Libya,LBY,2170.0,2170.0,2170.0,2170.0,2170.0,2170.0,2170.0,2170.0,2170.0,2170.0,2170.0,2170.0,2170.0,2170.0,2170.0,2170.0,2170.0,2170.0,2170.0,2170.0,2170.0,2170.0,2170.0,2170.0
St. Lucia,LCA,210.1,209.86,209.62,209.38,209.14,208.9,208.66,208.42,208.18,207.94,207.7,207.7,207.7,207.7,207.7,207.7,207.7,207.7,207.7,207.7,207.7,207.7,207.7,207.7
Latin America & Caribbean,LCN,10154409.6,10099097.92,10043786.24,9988474.56,9933162.88,9877851.2,9822539.52,9767227.84,9711916.16,9656604.48,9601292.8,9572388.48,9543467.36,9514546.24,9485625.12,9456704.0,9426994.8,9392385.2,9369198.6,9344163.7,9320331.1,9295696.966,9271597.187,
Least developed countries: UN classification,LDC,5732841.021,5703714.321,5674587.621,5645460.921,5616334.221,5587207.521,5558080.821,5528954.121,5499827.421,5470700.72,5441574.02,5404047.536,5635417.792,5596148.828,5556879.864,5517610.9,5478249.5,5439709.6,5401574.58,5362717.2,5324256.7,5285531.612,5246982.917,
Low income,LIC,2881442.74,2867803.816,2854164.892,2840525.968,2826887.044,2813248.12,2799609.196,2785970.272,2772331.348,2758692.424,2745053.5,2727365.14,2978573.52,2959142.68,2939711.84,2920281.0,2899771.2,2880077.5,2860796.28,2840788.7,2821178.4,2801303.246,2781604.662,
Liechtenstein,LIE,67.0,66.999,66.998,66.998,66.997,66.996,66.995,66.994,66.994,66.993,66.992,66.994,66.995,66.997,66.998,67.0,67.0,67.0,67.0,67.0,67.0,67.0,67.0,67.0
Sri Lanka,LKA,21664.2,21601.4,21538.6,21475.8,21413.0,21350.2,21287.4,21224.6,21161.8,21099.0,21036.2,21086.6,21137.0,21187.4,21237.8,21288.2,21256.6,21225.0,21193.4,21161.8,21130.2,21098.6,21067.0,21035.4
Lower middle income,LMC,5981054.494,5959917.262,5938780.03,5917642.798,5896505.566,5875368.334,5854231.102,5833093.87,5811956.638,5790819.405,5769682.173,5746874.68,5724067.187,5701259.695,5678452.202,5655644.709,5635166.279,5612452.502,5589821.8,5567109.7,5544591.0,5521943.366,5499280.288,
Low & middle income,LMY,22002260.592,21939798.985,21877337.376,21814875.769,21752414.161,21689952.554,21661074.946,21599067.338,21537059.731,21475052.121,21413044.514,21357741.575,21571335.374,21514289.955,21457244.536,21400199.116,21355467.301,21286955.875,21237391.942,21184943.9,21133778.4,21081757.871,21030205.961,
Lesotho,LSO,345.2,345.2,345.2,345.2,345.2,345.2,345.2,345.2,345.2,345.2,345.2,345.2,345.2,345.2,345.2,345.2,345.2,345.2,345.2,345.2,345.2,345.2,345.2,345.2
Late-demographic dividend,LTE,17570731.958,17562825.717,17554919.474,17547013.233,17539106.991,17531200.75,17556878.508,17549426.266,17541974.025,17534521.782,17527069.541,17535737.695,17544405.847,17553074.0,17561742.154,17570410.307,17578118.622,17578621.615,17587197.862,17593652.8,17600849.8,17607552.059,17614584.177,
Lithuania,LTU,20200.0,20350.0,20500.0,20650.0,20800.0,20950.0,21100.0,21250.0,21400.0,21550.0,21700.0,21734.0,21768.0,21802.0,21836.0,21870.0,21900.0,21960.0,21980.0,22000.0,22010.0,22026.667,22038.889,22054.074
Luxembourg,LUX,867.0,869.0,871.0,873.0,875.0,877.0,879.0,881.0,883.0,885.0,887.0,887.0,887.0,887.0,887.0,887.0,887.0,887.0,887.0,887.0,887.0,887.0,887.0,887.0
Latvia,LVA,32410.0,32541.12,32672.24,32803.36,32934.48,33065.6,33196.72,33327.84,33458.96,33590.08,33721.2,33759.84,33798.48,33837.12,33875.76,33914.4,33953.1,33991.8,34030.5,34069.2,34107.9,34146.6,34185.3,34224.0
"Macao SAR, China",MAC,,,,,,,,,,,,,,,,,,,,,,,,
St. Martin (French part),MAF,,,,,,,,,,,,12.4,12.4,12.4,12.4,12.4,12.4,12.4,12.4,12.4,12.4,12.4,12.4,12.4
Morocco,MAR,55065.4,55233.43,55401.46,55569.49,55737.52,55905.55,56073.58,56241.61,56409.64,56577.67,56745.7,56765.94,56786.18,56806.42,56826.66,56846.9,56997.9,57115.9,57215.9,57320.9,57424.9,57529.567,57633.789,57738.308
Monaco,MCO,0.0,0.0,0.0,0.0,0.0,0.0,0.0,0.0,0.0,0.0,0.0,0.0,0.0,0.0,0.0,0.0,0.0,0.0,0.0,0.0,0.0,0.0,0.0,0.0
Moldova,MDA,3444.0,3474.1,3504.2,3534.3,3564.4,3594.5,3624.6,3654.7,3684.8,3714.9,3745.0,3768.8,3792.6,3816.4,3840.2,3864.0,3865.0,3865.0,3865.0,3865.0,3865.0,3865.0,3865.0,3865.0
Madagascar,MDG,130306.7,129838.01,129369.32,128900.63,128431.94,127963.25,127494.56,127025.87,126557.18,126088.49,125619.8,125487.62,125355.44,125223.26,125091.08,124958.9,124826.8,124694.6,124562.4,124430.3,124298.1,124165.967,124033.789,123901.641
Maldives,MDV,8.2,8.2,8.2,8.2,8.2,8.2,8.2,8.2,8.2,8.2,8.2,8.2,8.2,8.2,8.2,8.2,8.2,8.2,8.2,8.2,8.2,8.2,8.2,8.2
"Middle East, North Africa, Afghanistan & Pakistan",MEA,265724.0,267283.29,268842.58,270401.87,271961.16,273520.45,275079.74,276639.03,278198.32,279757.61,281316.9,281160.24,281003.58,280846.92,280690.26,280533.6,279877.4,279788.3,279530.5,279497.6,279394.7,279338.466,277749.722,
Mexico,MEX,683813.5,682375.46,680937.42,679499.38,678061.34,676623.3,675185.26,673747.22,672309.18,670871.14,669433.1,668208.3,666983.5,665758.7,664533.9,663309.1,662031.5,660753.8,659480.0,658200.0,656920.0,655640.0,654370.0,653087.841
Marshall Islands,MHL,94.0,94.0,94.0,94.0,94.0,94.0,94.0,94.0,94.0,94.0,94.0,94.0,94.0,94.0,94.0,94.0,94.0,94.0,94.0,94.0,94.0,94.0,94.0,94.0
Middle income,MIC,19120817.852,19071995.169,19023172.484,18974349.801,18925527.117,18876704.434,18861465.75,18813097.066,18764728.383,18716359.697,18667991.014,18630376.435,18592761.854,18555147.275,18517532.696,18479918.116,18455696.101,18406878.375,18376595.662,18344155.2,18312600.0,18280454.625,18248601.299,
North Macedonia,MKD,9575.5,9578.38,9581.26,9584.14,9587.02,9589.9,9592.78,9595.66,9598.54,9601.42,9604.3,9672.24,9740.18,9808.12,9876.06,9944.0,10016.7,10014.9,10014.9,10014.9,10014.9,10014.9,10014.9,10014.9
Mali,MLI,132960.0,132960.0,132960.0,132960.0,132960.0,132960.0,132960.0,132960.0,132960.0,132960.0,132960.0,132960.0,132960.0,132960.0,132960.0,132960.0,132960.0,132960.0,132960.0,132960.0,132960.0,132960.0,132960.0,132960.0
Malta,MLT,3.5,3.5,3.5,3.5,3.5,3.5,3.5,3.5,3.5,3.5,3.5,3.5,3.5,3.5,3.5,3.5,3.8,4.2,4.6,4.6,4.6,4.6,4.6,4.6
Myanmar,MMR,348681.1,345253.99,341826.88,338399.77,334972.66,331545.55,328118.44,324691.33,321264.22,317837.11,314410.0,311512.88,308615.76,305718.64,302821.52,299924.4,297027.3,294130.2,291233.1,288336.0,285438.9,282541.8,279644.7,276747.6
"Middle East, North Africa, Afghanistan & Pakistan (excluding high income)",MNA,251244.0,252792.87,254341.74,255890.61,257439.48,258988.35,260537.22,262086.09,263634.96,265183.83,266732.7,266553.88,266375.06,266196.24,266017.42,265838.6,265433.9,265345.2,265087.8,265055.7,264952.6,264896.833,264708.111,
Montenegro,MNE,,,,,,,7466.0,7667.0,7868.0,8069.0,8270.0,8270.0,8270.0,8270.0,8270.0,8270.0,8270.0,8270.0,8270.0,8270.0,8270.0,8270.0,8270.0,8270.0
Mongolia,MNG,142639.0,142559.0,142479.0,142399.0,142319.0,142239.0,142159.0,142079.0,141999.0,141919.0,141839.0,141827.86,141816.72,141805.58,141794.44,141783.3,141772.2,141761.1,141750.0,141738.9,141727.8,141716.7,141710.0,141694.5
Northern Mariana Islands,MNP,319.6,317.96,316.32,314.68,313.04,311.4,309.76,308.12,306.48,304.84,303.2,301.54,299.88,298.22,296.56,294.9,243.6,243.6,243.6,243.6,243.6,243.6,243.6,243.6
Mozambique,MOZ,411880.0,409664.14,407448.28,405232.42,403016.56,400800.7,398584.84,396368.98,394153.12,391937.26,389721.4,387657.12,385592.84,383528.56,381464.28,379400.0,376282.9,374066.0,372241.68,369661.1,367437.6,364976.047,362673.196,360264.544
Mauritania,MRT,4216.4,4162.0,4107.6,4053.2,3998.8,3944.4,3890.0,3835.6,3781.2,3726.8,3672.4,3618.0,3563.6,3509.2,3454.8,3400.4,3346.0,3292.0,3237.0,3183.0,3128.0,3073.667,3018.889,2964.408
Mauritius,MUS,419.3,415.76,412.22,408.68,405.14,401.6,398.06,394.52,390.98,387.44,383.9,383.72,383.54,383.36,383.18,383.0,382.9,386.5,386.9,387.3,387.7,388.1,388.5,388.9
Malawi,MWI,30817.0,30397.0,29977.0,29557.0,29137.0,28717.0,28297.0,27877.0,27457.0,27037.0,26617.0,26197.0,25777.0,25357.0,24937.0,24517.0,24097.0,23677.0,23257.0,22837.0,22417.0,21997.0,21577.0,21157.0
Malaysia,MYS,196913.5,196169.8,195426.1,194682.4,193938.7,193195.0,192451.3,191707.6,190963.9,190220.2,189476.5,190509.64,191542.78,192575.92,193609.06,194642.2,193146.4,192644.9,192143.4,191641.9,191140.4,190638.9,190137.4,189635.9
North America,NAC,6513389.7,6518093.94,6522798.18,6527502.42,6532206.66,6536910.9,6541615.14,6546319.38,6551023.62,6555727.86,6560432.1,6562769.1,6565106.1,6567443.1,6569780.1,6572117.1,6571720.4,6568350.5,6567980.7,6567610.8,6567241.0,6566871.133,6566501.311,
Namibia,NAM,80590.84,79880.746,79170.652,78460.558,77750.464,77040.37,76330.276,75620.182,74910.088,74199.994,73489.9,72779.82,72069.74,71359.66,70649.58,69939.5,69229.4,68519.3,67809.2,67099.1,66389.0,65678.9,64968.8,64258.7
New Caledonia,NCL,8378.5,8379.67,8380.84,8382.01,8383.18,8384.35,8385.52,8386.69,8387.86,8389.03,8390.2,8389.2,8388.2,8387.2,8386.2,8385.2,8384.2,8383.2,8382.2,8381.2,8380.2,8379.2,8378.2,8377.2
Niger,NER,13281.0,13156.8,13032.6,12908.4,12784.2,12660.0,12535.8,12411.6,12287.4,12163.2,12039.0,11914.8,11790.6,11666.4,11542.2,11418.0,11293.8,11169.6,11045.4,10921.2,10797.0,10672.8,10548.6,10424.4
Nigeria,NGA,248930.4,247297.34,245664.28,244031.22,242398.16,240765.1,239132.04,237498.98,235865.92,234232.86,232599.8,230966.74,229333.68,227700.62,226067.56,224434.5,222801.479,221168.5,219535.5,217902.5,216269.5,214636.5,213003.5,211370.5
Nicaragua,NIC,53993.2,52782.03,51570.86,50359.69,49148.52,47937.35,46726.18,45515.01,44303.84,43092.67,41881.5,41320.26,40759.02,40197.78,39636.54,39075.3,38075.3,37075.3,36075.3,35075.3,34075.3,33075.3,32075.3,31075.3
Netherlands,NLD,3595.0,3608.98,3622.96,3636.94,3650.92,3664.9,3678.88,3692.86,3706.84,3720.82,3734.8,3717.5,3700.2,3682.9,3665.6,3648.3,3657.6,3667.0,3676.3,3685.7,3695.0,3704.367,3713.689,3723.041
Norway,NOR,121130.0,121119.0,121108.0,121097.0,121086.0,121075.0,121064.0,121053.0,121042.0,121031.0,121020.0,121098.0,121176.0,121254.0,121332.0,121410.0,121488.0,121566.0,121644.0,121722.0,121800.0,121878.0,121956.0,122034.0
Nepal,NPL,57807.6,57988.87,58170.14,58351.41,58532.68,58713.95,58895.22,59076.49,59257.76,59439.03,59620.3,59620.3,59620.3,59620.3,59620.3,59620.3,59620.3,59620.3,59620.3,59620.3,59620.3,59620.3,59620.3,59620.3
Nauru,NRU,0.0,0.0,0.0,0.0,0.0,0.0,0.0,0.0,0.0,0.0,0.0,0.0,0.0,0.0,0.0,0.0,0.0,0.0,0.0,0.0,0.0,0.0,0.0,0.0
New Zealand,NZL,98504.4,98502.08,98499.76,98497.44,98495.12,98492.8,98490.48,98488.16,98485.84,98483.52,98481.2,98478.18,98475.16,98472.14,98469.12,98466.1,98467.5,98508.5,98551.5,98655.2,98925.9,99085.267,99318.856,99502.964
OECD members,OED,11507404.096,11512746.269,11518088.443,11523430.616,11528772.79,11534114.963,11539457.136,11544799.31,11550141.483,11555483.657,11560825.83,11573194.09,11585562.35,11597930.61,11610298.87,11622667.13,11631555.2,11629150.3,11630163.6,11631274.9,11632610.7,11633848.735,11633751.989,
Oman,OMN,30.0,30.0,30.0,30.0,30.0,30.0,30.0,30.0,30.0,30.0,30.0,30.0,30.0,30.0,30.0,30.0,28.0,27.0,26.0,25.0,25.0,24.333,24.111,23.592
Other small states,OSS,70888.7,71077.16,71265.62,71454.08,71642.54,71831.0,79485.46,79874.92,80264.38,80653.84,81043.3,81230.16,81417.02,81603.88,81790.74,81977.6,81994.6,82190.5,82205.4,82223.0,82241.1,82258.833,82276.844,
Pakistan,PAK,45112.6,44695.07,44277.54,43860.01,43442.48,43024.95,42607.42,42189.89,41772.36,41354.83,40937.3,40615.04,40292.78,39970.52,39648.26,39326.0,38682.4,38499.2,38085.8,37672.4,37259.0,36845.6,36432.2,36018.8
Panama,PAN,44421.4,44307.25,44193.1,44078.95,43964.8,43850.65,43736.5,43622.35,43508.2,43394.05,43279.9,43165.74,43051.58,42937.42,42823.26,42709.1,42595.0,42480.8,42366.7,42252.5,42138.4,42024.233,41910.111,41795.959
Peru,PER,752978.3,751730.27,750482.24,749234.21,747986.18,746738.15,745490.12,744242.09,742994.06,741746.03,740498.0,738787.46,737076.92,735366.38,733655.84,731945.3,730102.8,728347.8,726760.4,725032.0,723303.7,721575.333,719847.011,718118.659
Philippines,PHL,73092.6,72623.06,72153.52,71683.98,71214.44,70744.9,70275.36,69805.82,69336.28,68866.74,68397.2,68746.06,69094.92,69443.78,69792.64,70141.5,70490.4,70839.3,71188.1,71537.0,71885.9,72234.8,72583.7,72932.6
Palau,PLW,395.8,396.78,397.76,398.74,399.72,400.7,401.68,402.66,403.64,404.62,405.6,406.46,407.32,408.18,409.04,409.9,410.8,411.6,412.5,413.3,414.1,414.9,415.7,416.5
Papua New Guinea,PNG,362779.663,362680.582,362581.501,362482.42,362383.339,362284.258,362185.177,362086.096,361987.015,361887.934,361788.853,361479.924,361170.995,360862.067,360553.138,360244.209,359898.8,359563.5,359228.2,358892.9,358557.6,358222.3,357887.0,357551.7
Poland,POL,90590.0,90860.0,91130.0,91400.0,91670.0,91940.0,92210.0,92480.0,92750.0,93020.0,93290.0,93472.0,93654.0,93836.0,94018.0,94200.0,94350.0,94470.0,94590.0,94710.0,94830.0,94950.0,95070.0,95190.0
Pre-demographic dividend,PRE,5613586.04,5585174.666,5556763.292,5528351.918,5499940.544,5471529.17,5443117.796,5414706.422,5386295.048,5357883.674,5329472.3,5295727.66,5530879.76,5495392.64,5459905.52,5424418.4,5387374.479,5351162.0,5315324.18,5278468.2,5242008.6,5205284.746,5168737.062,
Puerto Rico (US),PRI,4291.5,4353.8,4416.1,4478.4,4540.7,4603.0,4665.3,4727.6,4789.9,4852.2,4914.5,4919.36,4924.22,4929.08,4933.94,4938.8,4943.7,4948.6,4953.5,4958.4,4963.3,4968.2,4973.1,4978.0
"Korea, Dem. People's Rep.",PRK,64546.9,64334.6,64122.3,63910.0,63697.7,63485.4,63273.1,63060.8,62848.5,62636.2,62423.9,62211.6,61999.3,61787.0,61574.7,61362.4,61150.0,60940.0,60730.0,60510.0,60300.0,60090.0,59880.0,59664.0
Portugal,PRT,32810.0,32781.0,32752.0,32723.0,32694.0,32665.0,32636.0,32607.0,32578.0,32549.0,32520.0,32640.0,32760.0,32880.0,33000.0,33120.0,33120.0,33120.0,33120.0,33120.0,33120.0,33120.0,33120.0,33120.0
Paraguay,PRY,229916.5,226495.06,223073.62,219652.18,216230.74,212809.3,209387.86,205966.42,202544.98,199123.54,195702.1,191559.56,187417.02,183274.48,179131.94,174989.4,173331.3,169402.7,166609.3,163816.0,161022.6,158229.267,155435.889,152642.541
West Bank and Gaza,PSE,90.8,91.67,92.54,93.41,94.28,95.15,96.02,96.89,97.76,98.63,99.5,99.88,100.26,100.64,101.02,101.4,101.4,101.4,101.4,101.4,101.4,101.4,101.4,101.4
Pacific island small states,PSS,42816.5,42872.38,42928.26,42984.14,43040.02,43095.9,43151.78,43207.66,43263.54,43319.42,43375.3,43431.04,43486.78,43542.52,43598.26,43654.0,43709.9,43765.7,43821.6,43877.4,43933.2,43989.0,44044.8,
Post-demographic dividend,PST,9911702.031,9919212.5,9926722.971,9934233.441,9941743.912,9949254.382,9956764.852,9964275.323,9971785.793,9979296.264,9986806.734,9999287.936,10011769.138,10024250.34,10036731.542,10049212.744,10061358.057,10059915.984,10061410.6,10062991.6,10064797.6,10066505.534,10068278.856,
French Polynesia,PYF,1485.5,1486.41,1487.32,1488.23,1489.14,1490.05,1490.96,1491.87,1492.78,1493.69,1494.6,1494.6,1494.6,1494.6,1494.6,1494.6,1494.6,1494.6,1494.6,1494.6,1494.6,1494.6,1494.6,1494.6
Qatar,QAT,0.0,0.0,0.0,0.0,0.0,0.0,0.0,0.0,0.0,0.0,0.0,0.0,0.0,0.0,0.0,0.0,0.0,0.0,0.0,0.0,0.0,0.0,0.0,0.0
Romania,ROU,63660.0,63809.0,63958.0,64107.0,64256.0,64405.0,64554.0,64703.0,64852.0,65001.0,65150.0,65921.92,66693.84,67465.76,68237.68,69009.6,69290.5,69290.5,69290.5,69290.5,69290.5,69290.5,69290.5,69290.5
Russian Federation,RUS,8092685.0,8098552.1,8104419.2,8110286.3,8116153.4,8122020.5,8127887.6,8133754.7,8139621.8,8145488.9,8151356.0,8150945.72,8150535.44,8150125.16,8149714.88,8149304.6,8151210.0,8153120.0,8153120.0,8153120.0,8153120.0,8153120.0,8153120.0,8153120.0
Rwanda,RWA,2870.0,2848.0,2826.0,2804.0,2782.0,2760.0,2738.0,2716.0,2694.0,2672.0,2650.0,2660.0,2670.0,2680.0,2690.0,2700.0,2720.0,2730.0,2740.0,2750.0,2760.0,2770.0,2780.0,2790.0
South Asia,SAS,800653.281,802744.055,804834.829,806925.603,809016.377,811107.151,813197.925,815288.699,817379.473,819470.246,821561.02,824285.316,827009.612,829733.908,832458.204,835182.5,837834.7,840486.9,843139.1,845791.3,848443.5,851095.7,853747.9,
Saudi Arabia,SAU,9770.0,9770.0,9770.0,9770.0,9770.0,9770.0,9770.0,9770.0,9770.0,9770.0,9770.0,9770.0,9770.0,9770.0,9770.0,9770.0,9770.0,9770.0,9770.0,9770.0,9770.0,9770.0,9770.0,9770.0
Sudan,SDN,,,,,,,,,,,,,197326.74,195584.26,193841.78,192099.3,190481.9,188760.3,187040.0,185320.0,183600.0,181870.0,180150.0,178430.7
Senegal,SEN,88531.6,88146.6,87761.6,87376.6,86991.6,86606.6,86221.6,85836.6,85451.6,85066.6,84681.6,84281.6,83881.6,83481.6,83081.6,82681.6,82281.6,81881.6,81481.6,81081.6,80681.6,80281.6,79881.6,79481.6
Singapore,SGP,170.135,170.861,171.588,172.315,173.042,173.769,174.496,175.223,175.95,176.677,177.404,174.866,172.328,169.79,167.252,164.714,162.855,161.1,159.3,157.5,155.7,153.9,152.1,150.3
Solomon Islands,SLB,25376.0,25368.68,25361.36,25354.04,25346.72,25339.4,25332.08,25324.76,25317.44,25310.12,25302.8,25295.48,25288.16,25280.84,25273.52,25266.2,25258.9,25251.6,25244.3,25237.0,25229.7,25222.4,25215.1,25207.8
Sierra Leone,SLE,29294.3,29097.03,28899.76,28702.49,28505.22,28307.95,28110.68,27913.41,27716.14,27518.87,27321.6,27124.34,26927.08,26729.82,26532.56,26335.3,26138.0,25940.7,25743.4,25546.1,25348.8,25151.5,24954.2,24756.9
El Salvador,SLV,6738.8,6693.8,6648.8,6603.8,6558.8,6513.8,6468.8,6423.8,6378.8,6333.8,6288.8,6243.8,6198.8,6153.8,6108.8,6063.8,6018.8,5973.8,5928.8,5883.8,5838.8,5793.8,5748.8,5703.8
San Marino,SMR,10.0,10.0,10.0,10.0,10.0,10.0,10.0,10.0,10.0,10.0,10.0,10.0,10.0,10.0,10.0,10.0,10.0,10.0,10.0,10.0,10.0,10.0,10.0,10.0
"Somalia, Fed. Rep.",SOM,75150.0,74382.5,73615.0,72847.5,72080.0,71312.5,70545.0,69777.5,69010.0,68242.5,67475.0,66707.5,65940.0,65172.5,64405.0,63637.5,62870.0,62102.5,61335.0,60567.5,59800.0,59032.5,58265.0,57497.5
Serbia,SRB,,,,,,,26118.0,26371.0,26624.0,26877.0,27130.0,27143.06,27156.12,27169.18,27182.24,27195.3,27201.8,27218.6,27220.0,27222.2,27226.5,27229.4,27233.233,27236.444
Sub-Saharan Africa (excluding high income),SSA,6536903.38,6504814.292,6472725.204,6440636.116,6408547.028,6376457.94,6344368.852,6312279.764,6280190.676,6248101.588,6216012.5,6179339.04,6411562.32,6373146.38,6334730.44,6296314.5,6256894.879,6218297.3,6179731.38,6140144.3,6100953.7,6061498.779,6022220.073,
South Sudan,SSD,,,,,,,,,,,,,71570.0,71570.0,71570.0,71570.0,71570.0,71570.0,71570.0,71570.0,71570.0,71570.0,71570.0,71570.0
Sub-Saharan Africa,SSF,6722525.38,6689706.292,6656887.204,6624068.116,6591249.028,6558429.94,6525610.852,6492791.764,6459972.676,6427153.588,6394334.5,6356931.04,6588424.32,6549278.38,6510132.44,6470986.5,6430836.879,6391509.3,6352213.38,6311896.3,6271975.7,6231790.779,6191782.073,
Small states,SST,476232.9,476318.76,476404.62,476490.48,476576.34,476662.2,484214.06,484500.92,484787.78,485074.64,485361.5,485268.8,485176.1,485083.4,484990.7,484898.0,484649.0,484619.2,484359.2,484101.5,483844.6,483587.132,483330.077,
Sao Tome and Principe,STP,583.6,583.34,583.08,582.82,582.56,582.3,582.04,581.78,581.52,581.26,581.0,574.8,568.6,562.4,556.2,550.0,543.8,537.6,531.4,525.2,519.0,512.8,506.6,500.4
Suriname,SUR,153408.7,153367.69,153326.68,153285.67,153244.66,153203.65,153162.64,153121.63,153080.62,153039.61,152998.6,152902.22,152805.84,152709.46,152613.08,152516.7,152403.2,152330.2,152207.8,152085.3,151962.9,151840.433,151718.011,151595.559
Slovak Republic,SVK,19014.1,19030.6,19047.1,19063.6,19080.1,19096.6,19113.1,19129.6,19146.1,19162.6,19179.1,19186.78,19194.46,19202.14,19209.82,19217.5,19233.7,19259.0,19259.0,19259.0,19259.0,19259.0,19259.0,19259.0
Slovenia,SVN,12330.0,12344.0,12358.0,12372.0,12386.0,12400.0,12414.0,12428.0,12442.0,12456.0,12470.0,12472.0,12474.0,12476.0,12478.0,12480.0,12459.7,12439.3,12419.0,12398.6,12378.3,12357.933,12337.611,12317.259
Sweden,SWE,281630.0,281540.0,281450.0,281360.0,281270.0,281180.0,281090.0,281000.0,280910.0,280820.0,280730.0,280544.0,280358.0,280172.0,279986.0,279800.0,279800.0,279800.0,279800.0,279800.0,279800.0,279800.0,279800.0,279800.0
Eswatini,SWZ,4732.8,4744.95,4757.1,4769.25,4781.4,4793.55,4805.7,4817.85,4830.0,4842.15,4854.3,4866.44,4878.58,4890.72,4902.86,4915.0,4927.2,4939.3,4951.4,4963.5,4975.6,4987.7,4999.8,5011.9
Sint Maarten (Dutch part),SXM,,,,,,,,,,,,3.7,3.7,3.7,3.7,3.7,3.7,3.7,3.7,3.7,3.7,3.7,3.7,3.7
Seychelles,SYC,337.0,337.0,337.0,337.0,337.0,337.0,337.0,337.0,337.0,337.0,337.0,337.0,337.0,337.0,337.0,337.0,337.0,337.0,337.0,337.0,337.0,337.0,337.0,337.0
Syrian Arab Republic,SYR,4320.8,4380.8,4440.8,4500.8,4560.8,4620.8,4680.8,4740.8,4800.8,4860.8,4920.8,4980.8,5040.8,5100.8,5160.8,5220.8,5220.8,5220.8,5220.8,5220.8,5220.8,5220.8,5220.0,5220.8
Turks and Caicos Islands,TCA,105.2,105.2,105.2,105.2,105.2,105.2,105.2,105.2,105.2,105.2,105.2,105.2,105.2,105.2,105.2,105.2,105.2,105.2,105.2,105.2,105.2,105.2,105.2,105.2
Chad,TCD,63530.0,62707.0,61884.0,61061.0,60238.0,59415.0,58592.0,57769.0,56946.0,56123.0,55300.0,54020.0,52740.0,51460.0,50180.0,48900.0,47690.0,46510.0,45350.0,44220.0,43130.0,42013.333,40914.444,39803.703
East Asia & Pacific (IDA & IBRD countries),TEA,4549099.863,4568314.032,4587528.201,4606742.37,4625956.539,4645170.708,4664384.877,4683599.046,4702813.215,4722027.384,4741241.553,4747047.024,4752852.495,4758657.967,4764463.438,4770268.909,4790821.77,4791161.7,4799041.9,4806925.0,4814808.2,4822691.333,4830574.511,
Europe & Central Asia (IDA & IBRD countries),TEC,8879844.968,8888361.726,8896878.482,8905395.24,8913911.997,8922428.755,8964529.512,8973500.269,8982471.027,8991441.783,9000412.541,9003715.055,9007017.567,9010320.08,9013622.594,9016925.107,9021233.754,9025717.259,9028614.062,9031512.6,9034413.3,9037312.559,9040212.778,
Togo,TGO,12684.64,12655.046,12625.452,12595.858,12566.264,12536.67,12507.076,12477.482,12447.888,12418.294,12388.7,12359.1,12329.5,12299.9,12270.3,12240.7,12211.1,12181.5,12151.9,12122.3,12092.7,12063.1,12033.5,12003.9
Thailand,THA,189980.0,191055.0,192130.0,193205.0,194280.0,195355.0,196430.0,197505.0,198580.0,199655.0,200730.0,200706.0,200682.0,200658.0,200634.0,200610.0,200170.0,199810.0,199450.0,199090.0,198730.0,198370.0,198010.0,197650.0
Tajikistan,TJK,4100.0,4100.0,4100.0,4100.0,4100.0,4100.0,4100.0,4100.0,4100.0,4100.0,4100.0,4123.6,4147.2,4170.8,4194.4,4218.0,4218.0,4218.0,4218.0,4228.0,4238.0,4248.0,4258.0,4268.0
Turkmenistan,TKM,41270.0,41270.0,41270.0,41270.0,41270.0,41270.0,41270.0,41270.0,41270.0,41270.0,41270.0,41270.0,41270.0,41270.0,41270.0,41270.0,41270.0,41270.0,41270.0,41270.0,41270.0,41270.0,41270.0,41270.0
Latin America & the Caribbean (IDA & IBRD countries),TLA,10120189.4,10064320.7,10008452.0,9952583.3,9896714.6,9840845.9,9784977.2,9729108.5,9673239.8,9617371.1,9561502.4,9532071.0,9502639.6,9473208.2,9443776.8,9414345.4,9384059.8,9349433.8,9326239.9,9301199.5,9277360.5,9252720.566,9228614.587,
Timor-Leste,TLS,9491.0,9477.0,9463.0,9449.0,9435.0,9421.0,9407.0,9393.0,9379.0,9365.0,9351.0,9337.0,9323.0,9309.0,9295.0,9281.0,9267.0,9256.0,9239.0,9225.0,9211.0,9197.0,9183.0,9169.0
"Middle East, North Africa, Afghanistan & Pakistan (IDA & IBRD)",TMN,251153.2,252701.2,254249.2,255797.2,257345.2,258893.2,260441.2,261989.2,263537.2,265085.2,266633.2,266454.0,266274.8,266095.6,265916.4,265737.2,265332.5,265243.8,264986.4,264954.3,264851.2,264795.433,264708.111,
Tonga,TON,89.5,89.5,89.5,89.5,89.5,89.5,89.5,89.5,89.5,89.5,89.5,89.5,89.5,89.5,89.5,89.5,89.5,89.5,89.5,89.5,89.5,89.5,89.5,89.5
South Asia (IDA & IBRD),TSA,800653.281,802744.055,804834.829,806925.603,809016.377,811107.151,813197.925,815288.699,817379.473,819470.246,821561.02,824285.316,827009.612,829733.908,832458.204,835182.5,837834.7,840486.9,843139.1,845791.3,848443.5,851095.7,853747.9,
Sub-Saharan Africa (IDA & IBRD countries),TSS,6722525.38,6689706.292,6656887.204,6624068.116,6591249.028,6558429.94,6525610.852,6492791.764,6459972.676,6427153.588,6394334.5,6356931.04,6588424.32,6549278.38,6510132.44,6470986.5,6430836.879,6391509.3,6352213.38,6311896.3,6271975.7,6231790.779,6191782.073,
Trinidad and Tobago,TTO,2366.5,2362.26,2358.02,2353.78,2349.54,2345.3,2341.06,2336.82,2332.58,2328.34,2324.1,2319.86,2315.62,2311.38,2307.14,2302.9,2298.7,2294.5,2290.3,2286.1,2281.9,2277.7,2273.5,2269.3
Tunisia,TUN,6678.5,6698.08,6717.66,6737.24,6756.82,6776.4,6795.98,6815.56,6835.14,6854.72,6874.3,6889.6,6904.9,6920.2,6935.5,6950.8,6966.1,6981.4,6996.7,7012.0,7027.3,7042.6,7057.9,7073.2
Turkiye,TUR,201483.5,202418.23,203352.96,204287.69,205222.42,206157.15,207091.88,208026.61,208961.34,209896.07,210830.8,211925.24,213019.68,214114.12,215208.56,216303.0,216303.0,217524.6,219083.6,220643.6,222203.6,223763.6,225323.6,226883.6
Tuvalu,TUV,10.0,10.0,10.0,10.0,10.0,10.0,10.0,10.0,10.0,10.0,10.0,10.0,10.0,10.0,10.0,10.0,10.0,10.0,10.0,10.0,10.0,10.0,10.0,10.0
Tanzania,TZA,536700.1,532980.1,529260.1,525540.1,521820.1,518100.1,514380.1,510660.1,506940.1,503220.1,499500.1,495780.08,492060.06,488340.04,484620.02,480900.0,476210.0,471520.0,466830.0,462140.0,457450.0,452760.0,448070.0,443380.0
Uganda,UGA,31629.5,31216.97,30804.44,30391.91,29979.38,29566.85,29154.32,28741.79,28329.26,27916.73,27504.2,27091.68,26679.16,26266.64,25854.12,25441.6,25029.1,24616.6,24204.1,23791.5,23379.0,22966.433,22553.911,22141.359
Ukraine,UKR,95100.0,95138.0,95176.0,95214.0,95252.0,95290.0,95328.0,95366.0,95404.0,95442.0,95480.0,95698.0,95916.0,96134.0,96352.0,96570.0,96640.0,96710.0,96780.0,96840.0,96900.0,96960.0,97020.0,97080.0
Upper middle income,UMC,13139763.358,13112077.907,13084392.454,13056707.003,13029021.551,13001336.1,13007234.648,12980003.196,12952771.745,12925540.292,12898308.841,12883501.755,12868694.667,12853887.58,12839080.494,12824273.407,12820529.822,12794425.873,12786773.862,12777045.5,12768009.0,12758511.259,12749321.011,
Uruguay,URY,13690.0,14052.3,14414.6,14776.9,15139.2,15501.5,15863.8,16226.1,16588.4,16950.7,17313.0,17690.4,18067.8,18445.2,18822.6,19200.0,19470.0,19680.0,19890.0,20100.0,20310.0,20520.0,20730.0,20940.0
United States,USA,3035360.0,3040544.0,3045728.0,3050912.0,3056096.0,3061280.0,3066464.0,3071648.0,3076832.0,3082016.0,3087200.0,3089950.0,3092700.0,3095450.0,3098200.0,3100950.0,3100950.0,3097950.0,3097950.0,3097950.0,3097950.0,3097950.0,3097950.0,3097950.0
Uzbekistan,UZB,29614.61,30002.749,30390.888,30779.027,31167.166,31555.305,31943.444,32331.583,32719.722,33107.861,33496.0,33895.6,34295.2,34694.8,35094.4,35494.0,35863.0,36121.36,36379.8,36638.2,36896.6,37155.0,37413.4,37671.8
St. Vincent and the Grenadines,VCT,285.4,285.4,285.4,285.4,285.4,285.4,285.4,285.4,285.4,285.4,285.4,285.4,285.4,285.4,285.4,285.4,285.4,285.4,285.4,285.4,285.4,285.4,285.4,285.4
"Venezuela, RB",VEN,491510.0,489864.0,488218.0,486572.0,484926.0,483280.0,481634.0,479988.0,478342.0,476696.0,475050.0,473406.0,471762.0,470118.0,468474.0,466830.0,465432.6,464281.8,463377.6,462720.0,462309.0,461733.6,461267.8,460728.933
British Virgin Islands,VGB,36.7,36.67,36.64,36.61,36.58,36.55,36.52,36.49,36.46,36.43,36.4,36.36,36.32,36.28,36.24,36.2,36.2,36.2,36.2,36.2,36.2,36.2,36.2,36.2
Virgin Islands (U.S.),VIR,204.7,202.66,200.62,198.58,196.54,194.5,192.46,190.42,188.38,186.34,184.3,185.76,187.22,188.68,190.14,191.6,193.1,194.6,196.1,197.6,199.1,200.6,202.1,203.6
Viet Nam,VNM,117841.0,119444.96,121048.92,122652.88,124256.84,125860.8,127464.76,129068.72,130672.68,132276.64,133880.6,135228.2,136575.8,137923.4,139271.0,140618.6,143776.8,144153.9,144912.9,145671.9,146430.9,147189.9,147948.9,148707.9
Vanuatu,VUT,4423.0,4423.0,4423.0,4423.0,4423.0,4423.0,4423.0,4423.0,4423.0,4423.0,4423.0,4423.0,4423.0,4423.0,4423.0,4423.0,4423.0,4423.0,4423.0,4423.0,4423.0,4423.0,4423.0,4423.0
World,WLD,41169443.323,41119046.544,41068649.765,41018252.988,40967856.21,40917459.432,40900646.653,40850703.875,40800761.098,40750818.318,40700875.54,40657762.905,40883530.207,40838658.292,40793786.376,40748914.46,40716299.758,40647868.959,40599554.242,40548696.3,40499594.4,40449373.704,40398387.316,
Samoa,WSM,1713.1,1708.28,1703.46,1698.64,1693.82,1689.0,1684.18,1679.36,1674.54,1669.72,1664.9,1660.06,1655.22,1650.38,1645.54,1640.7,1635.9,1631.1,1626.3,1621.5,1616.7,1611.9,1607.1,1602.3
Kosovo,XKX,,,,,,,,,,,,,,,,,,,,,,,,
"Yemen, Rep.",YEM,5490.0,5490.0,5490.0,5490.0,5490.0,5490.0,5490.0,5490.0,5490.0,5490.0,5490.0,5490.0,5490.0,5490.0,5490.0,5490.0,5490.0,5490.0,5490.0,5490.0,5490.0,5490.0,5490.0,5490.0
South Africa,ZAF,177780.9,177416.9,177052.9,176688.9,176324.9,175960.9,175596.9,175232.9,174868.9,174504.9,174140.9,173776.9,173412.9,173048.9,172684.9,172320.9,171956.9,171592.9,171228.9,170864.9,170500.9,170136.9,169772.9,169408.9
Zambia,ZMB,470540.0,470182.0,469824.0,469466.0,469108.0,468750.0,468392.0,468034.0,467676.0,467318.0,466960.0,465078.2,463196.4,461314.6,459432.8,457551.0,455668.0,453786.7,451904.6,450022.4,448140.3,446258.133,444376.011,442493.859
Zimbabwe,ZWE,183659.8,183199.1,182738.4,182277.7,181817.0,181356.3,180895.6,180434.9,179974.2,179513.5,179052.8,178592.1,178131.4,177670.7,177210.0,176749.3,176288.6,175827.9,175367.2,174906.5,174445.8,173985.1,173524.4,173063.7
