Country Name,Country Code,Indicator Name,Indicator Code,2000,2001,2002,2003,2004,2005,2006,2007,2008,2009,2010,2011,2012,2013,2014,2015,2016,2017,2018,2019,2020,2021,2022,2023
Aruba,ABW,"Industry (including construction), value added (% of GDP)",NV.IND.TOTL.ZS,13.17595453,13.05406907,13.24162087,14.89220981,15.59650825,16.29746113,17.65586324,17.47955029,16.18234888,13.04303599,11.546062,12.36644833,10.07606346,10.74966244,10.7994982,12.46882309,12.71382235,12.39482333,11.35816806,11.37203709,,,,
Africa Eastern and Southern,AFE,"Industry (including construction), value added (% of GDP)",NV.IND.TOTL.ZS,26.74151263,26.78680008,27.38598015,26.64362094,26.9355433,27.87367949,27.97214664,29.15800622,30.59716896,26.69911573,27.64216069,28.7747164,28.5566166,27.84594803,27.18625375,25.21806742,25.03212953,26.28571812,27.85830066,26.42283705,25.43572975,26.08577457,26.93251477,27.09784771
Afghanistan,AFG,"Industry (including construction), value added (% of GDP)",NV.IND.TOTL.ZS,,,23.81012701,22.71086418,26.22678975,26.81209923,28.21076807,26.88224161,26.915628,21.89712221,21.1514207,22.74025248,21.15780715,20.44460531,21.22966322,22.12404249,10.46680769,10.051874,13.38724696,14.05811237,12.9525996,14.27365702,16.05036772,13.44982271
Africa Western and Central,AFW,"Industry (including construction), value added (% of GDP)",NV.IND.TOTL.ZS,31.80370439,27.81248943,25.12679297,27.19601308,28.99307234,29.55062436,28.25911118,27.16761293,28.2040622,24.67893138,27.3980746,30.32774743,29.74560908,28.75997735,27.32995419,23.15169181,21.51731607,24.42421162,26.69683458,27.5089101,27.18355752,29.39930663,30.03615265,29.75559817
Angola,AGO,"Industry (including construction), value added (% of GDP)",NV.IND.TOTL.ZS,72.12295494,64.88381154,56.07579654,53.11699779,54.62993328,60.40199346,58.10933117,61.88353785,60.2548204,44.05637413,52.36843758,56.02651389,56.91821896,53.36285218,46.20332557,41.93309219,42.64356787,42.16795377,47.93154185,49.76092161,45.67824234,47.52440955,45.1800529,45.23598355
Albania,ALB,"Industry (including construction), value added (% of GDP)",NV.IND.TOTL.ZS,21.71218531,24.38664986,26.23832657,27.08468776,27.72997522,28.13721316,28.42842552,28.57725457,28.56164972,27.5678723,27.47491428,26.9409865,25.4077242,25.50680361,23.82866906,24.48140915,23.86701789,22.95333271,23.75358863,22.96552109,23.46872133,22.43411679,23.02505572,23.01847188
Andorra,AND,"Industry (including construction), value added (% of GDP)",NV.IND.TOTL.ZS,14.84375504,14.92401761,15.06728909,15.49493665,15.78035401,16.03578288,16.16729519,15.47353148,15.43276711,14.76648871,13.12564606,11.90885311,11.07157967,10.61824715,10.1535313,9.981268716,10.14077941,10.39551767,11.07633372,11.69981763,12.66015827,12.36263639,11.1453411,12.42822618
Arab World,ARB,"Industry (including construction), value added (% of GDP)",NV.IND.TOTL.ZS,50.00238713,46.74747752,46.79366666,47.40096181,49.61245438,53.41413005,54.62749341,53.41904357,56.1453364,47.71538591,50.22554145,53.60456017,54.35266952,52.17388567,49.6681264,40.59095286,38.31626221,40.9322379,44.69759238,42.58212174,36.48526221,42.96337019,48.85023979,44.95498561
United Arab Emirates,ARE,"Industry (including construction), value added (% of GDP)",NV.IND.TOTL.ZS,48.51701163,49.67634129,47.54574758,49.12101292,51.67834808,55.6434763,57.90311172,54.84022859,58.01797844,52.044956,51.67845948,57.07712068,56.56806174,54.20381498,51.98971367,43.35424493,41.02857173,42.52803476,46.91895759,44.52451604,42.17404307,47.13932402,51.08332896,47.72364183
Argentina,ARG,"Industry (including construction), value added (% of GDP)",NV.IND.TOTL.ZS,25.99083601,25.24343398,30.55773709,32.6450991,28.81692201,28.62631404,29.20327967,27.41523613,26.27245994,25.2842048,25.25877626,25.21269761,24.42905706,24.00588144,24.27739449,23.15305614,22.05410721,21.78212322,23.71959233,23.15784774,22.40887637,23.49946443,24.00755278,25.05638161
Armenia,ARM,"Industry (including construction), value added (% of GDP)",NV.IND.TOTL.ZS,,,,,,,,,,,,,27.82709461,26.70904814,25.27053295,25.70869944,25.57713304,25.80953238,24.75655785,24.97160846,26.8172957,26.36434041,25.43709664,23.37453924
American Samoa,ASM,"Industry (including construction), value added (% of GDP)",NV.IND.TOTL.ZS,,,,,,,,,,,,,,,,,,,,,,,,
Antigua and Barbuda,ATG,"Industry (including construction), value added (% of GDP)",NV.IND.TOTL.ZS,13.09897193,12.05785678,12.19126956,12.48305578,12.15839255,13.51423983,17.12340053,16.31975657,17.60996569,18.04573138,14.83794223,13.22747974,13.07462881,14.75981044,15.36678209,15.92802245,17.76410828,18.80452015,20.6520988,21.08074595,21.12099952,20.48320056,19.65819597,18.98711505
Australia,AUS,"Industry (including construction), value added (% of GDP)",NV.IND.TOTL.ZS,24.55053314,23.63352097,23.6117317,24.04209646,23.93491874,24.61850662,25.61483015,25.66594094,25.60457568,27.04597361,25.17307843,26.52184365,26.37902152,25.18645053,25.56515748,23.6809068,22.31997558,23.47406061,24.12405777,25.2720792,25.38645572,25.42086525,27.48251427,27.65088239
Austria,AUT,"Industry (including construction), value added (% of GDP)",NV.IND.TOTL.ZS,28.61155232,28.43989192,27.66834343,27.69793593,27.61478885,27.41820506,27.59090688,27.76672985,27.41220245,26.27770174,26.03964197,25.8570854,26.00980494,25.96977309,25.7857017,25.51524022,25.91246918,25.8023213,25.71909264,25.5363771,25.65448678,25.72803214,25.20554006,25.24461584
Azerbaijan,AZE,"Industry (including construction), value added (% of GDP)",NV.IND.TOTL.ZS,42.53830991,43.46263827,46.1542268,48.53984468,50.76903238,58.78778199,64.95823153,66.16032863,65.51852147,56.26195525,59.99481926,61.73399639,59.51735085,57.05441545,53.58685467,44.89132034,47.55780701,49.7017251,52.25091145,48.82326653,41.95632016,48.81817362,56.14673736,45.84084582
Burundi,BDI,"Industry (including construction), value added (% of GDP)",NV.IND.TOTL.ZS,15.53957069,15.57319108,15.80400049,15.74171231,16.32301916,16.9330036,15.31529124,17.15619422,15.41520528,16.91952896,15.38615628,14.80968132,15.75081302,15.58480051,15.49821159,11.76642869,12.20736309,10.99313081,11.10721703,10.93598,10.74295,10.59939,10.63778814,9.633603
Belgium,BEL,"Industry (including construction), value added (% of GDP)",NV.IND.TOTL.ZS,24.94383258,24.31215099,23.78733634,23.22665489,22.95999895,22.57377815,22.13992554,22.28195248,21.5954485,20.48905646,20.6595926,20.75145995,19.99564875,19.91519357,19.61905707,19.47677469,19.09810578,19.15456041,18.96412515,19.24171057,19.08117052,17.99652285,19.51397038,18.53829243
Benin,BEN,"Industry (including construction), value added (% of GDP)",NV.IND.TOTL.ZS,18.75634821,21.60630613,21.25606482,21.76533589,20.49942461,21.61359239,21.15701378,19.51117718,17.66062208,17.91950793,18.00905314,18.13744911,16.95668469,17.24370929,16.41157749,16.38509544,15.70206831,15.10758585,14.64195675,16.3125612,16.29054905,16.46740038,17.01782671,17.30219776
Burkina Faso,BFA,"Industry (including construction), value added (% of GDP)",NV.IND.TOTL.ZS,21.87075455,20.63892465,20.63381451,22.62507399,22.65917572,20.16583243,20.50385279,22.5483344,20.5479237,22.95588049,26.05555203,28.37227091,26.86751038,24.09575158,24.92953925,24.36137578,24.88151737,25.15001589,25.58944338,27.42591338,29.46947678,28.5306243,28.73548466,29.25074388
Bangladesh,BGD,"Industry (including construction), value added (% of GDP)",NV.IND.TOTL.ZS,22.27938268,22.58381187,22.83925437,22.47414879,22.77972001,23.29984422,24.09532051,24.50054101,24.7270013,25.29557218,24.95647673,25.0452996,25.30995939,26.30707016,26.31104678,26.83139483,31.06915138,31.24829196,31.98281359,32.8525492,32.91156508,33.31609439,33.9200805,34.59427216
Bulgaria,BGR,"Industry (including construction), value added (% of GDP)",NV.IND.TOTL.ZS,22.67758298,23.98088173,24.00451182,24.31940238,23.13340524,24.23239858,25.37040252,26.2601834,24.99057855,26.56734051,23.75417724,25.03010121,25.3837647,23.50748126,23.44430188,24.03013949,24.4597737,23.98929513,22.18714704,21.52278598,21.82357861,20.74039058,25.30279143,22.6590549
Bahrain,BHR,"Industry (including construction), value added (% of GDP)",NV.IND.TOTL.ZS,,,,,,,45.283488,45.91786529,50.40766295,43.09970005,43.92685819,48.29479584,46.33973028,46.69712846,45.31357676,39.09079907,38.20333986,39.9934663,41.47588718,40.61776696,39.10010798,44.21643249,46.38962737,43.43812776
"Bahamas, The",BHS,"Industry (including construction), value added (% of GDP)",NV.IND.TOTL.ZS,12.14887197,9.536141037,10.61685636,10.8702392,10.3431254,10.80905228,11.73375298,9.259451101,10.38951169,10.01005814,11.49987718,12.04514197,13.03402858,12.93996353,13.18418903,11.15344327,13.18418638,12.9253067,12.26207564,12.98938013,12.11691369,11.85012877,9.504346324,9.777163699
Bosnia and Herzegovina,BIH,"Industry (including construction), value added (% of GDP)",NV.IND.TOTL.ZS,21.53739169,20.93761742,19.8153866,19.82008019,20.23349203,21.43283913,21.0300824,21.77243741,23.20141043,22.90764694,22.45400963,22.19325971,21.62320082,22.3236757,22.15636982,21.72645605,22.34435004,23.12107386,23.71135919,23.20379231,23.77756094,24.79938161,24.66324979,23.72188419
Belarus,BLR,"Industry (including construction), value added (% of GDP)",NV.IND.TOTL.ZS,33.47894633,32.46395547,31.81538203,32.7410515,35.01894311,37.83878489,37.20703445,37.04727922,38.8242464,36.11396335,35.3917912,36.08807304,36.28065032,35.90370194,35.37904972,32.69230577,30.95840925,31.55448509,31.26560971,31.73712872,31.3515557,32.14429073,33.02909555,31.69505755
Belize,BLZ,"Industry (including construction), value added (% of GDP)",NV.IND.TOTL.ZS,22.79831416,20.96691678,19.96545214,17.38482695,17.57147446,17.14634394,19.05540018,20.20092555,20.26856058,19.40775837,18.0615226,18.67217646,15.76935163,15.7053253,15.84005612,14.54367205,15.46067315,14.09345629,13.66401395,14.05183603,16.33012703,17.02505629,15.43014719,14.26708186
Bermuda,BMU,"Industry (including construction), value added (% of GDP)",NV.IND.TOTL.ZS,11.07301006,10.30851114,9.584027138,9.568245741,9.618362688,9.951118868,,,,,6.597532363,5.667424558,5.118742188,5.299009118,5.004639859,5.124380479,5.349793642,5.509305385,5.701235971,6.370650363,5.633998726,5.29810754,5.325904347,4.639174417
Bolivia,BOL,"Industry (including construction), value added (% of GDP)",NV.IND.TOTL.ZS,25.73902218,25.42067648,25.47356924,25.59649049,26.83964948,26.26921942,27.65224746,28.28979041,29.73663978,29.22868449,30.14394175,30.36910664,29.33421963,28.5181929,27.62549988,25.20241628,25.32635898,26.36997443,26.24658947,25.21027455,23.49193201,26.36230038,26.20175888,24.22813658
Brazil,BRA,"Industry (including construction), value added (% of GDP)",NV.IND.TOTL.ZS,23.00661863,22.63952791,22.49532782,23.08381782,24.30662329,24.17257828,23.54402167,23.12538041,23.08529375,21.87859263,23.26797736,23.10205097,22.13364737,21.22480995,20.47246275,19.36004398,18.35475828,18.18850231,18.74905145,18.75462757,19.50611839,22.1234752,22.81945685,22.14417392
Barbados,BRB,"Industry (including construction), value added (% of GDP)",NV.IND.TOTL.ZS,15.30642262,14.69143886,14.41976501,15.70493846,15.08782116,14.94567352,16.22328394,14.72340602,15.12451522,15.40802858,14.51182229,15.11480661,14.69673508,14.64033701,14.35159698,14.42717792,13.89043854,13.83679704,13.53228402,13.23890933,13.49905771,13.94657047,13.9791701,13.24682253
Brunei Darussalam,BRN,"Industry (including construction), value added (% of GDP)",NV.IND.TOTL.ZS,66.26658255,62.7475897,63.08118111,66.48449806,70.19104535,73.15300533,74.92626122,73.39510643,76.43208179,67.29548108,68.65335068,73.67241439,72.6556143,70.02244393,67.84963064,61.36277769,57.28936408,59.72058921,63.24481837,62.5153214,59.13363013,62.70156408,67.92558548,61.74118583
Bhutan,BTN,"Industry (including construction), value added (% of GDP)",NV.IND.TOTL.ZS,33.31831747,35.42498445,35.72958167,36.14458095,34.57451287,34.04279435,35.60005954,41.62187469,40.81562446,39.45891019,39.32493054,37.41788268,38.21269124,38.84448536,37.64495507,38.46809465,38.4489964,39.03887938,35.26521344,33.09390305,31.79097653,31.6232724,31.82484474,29.55311167
Botswana,BWA,"Industry (including construction), value added (% of GDP)",NV.IND.TOTL.ZS,46.30053029,44.76779382,43.96509908,39.61641319,38.82195502,42.85495221,46.62434344,45.48442124,41.1096621,32.91486985,37.27893796,41.43221525,37.5753343,39.10622989,41.7777034,37.54399949,40.34516219,37.10100502,34.80032767,31.94710542,26.6905681,33.04003325,37.45712971,34.0710602
Central African Republic,CAF,"Industry (including construction), value added (% of GDP)",NV.IND.TOTL.ZS,,,,,,,,,,24.57368072,24.50992414,26.63835543,27.52307537,24.1910676,19.48260861,22.12525135,21.63823744,20.73722455,20.55575596,20.51197122,20.44818877,21.58732,21.1573,20.70681732
Canada,CAN,"Industry (including construction), value added (% of GDP)",NV.IND.TOTL.ZS,29.50003752,28.44753546,27.57314103,27.90741045,28.39111972,29.21299152,28.84755448,28.68590191,29.3420195,25.07601821,26.35113316,27.1393406,26.6346688,26.61323518,27.13794246,24.41568255,23.29530055,24.02780289,24.62230596,24.07740788,22.45161732,25.33174752,,
Central Europe and the Baltics,CEB,"Industry (including construction), value added (% of GDP)",NV.IND.TOTL.ZS,28.87465405,28.61365728,28.22927982,28.45139757,29.41768474,29.51047218,30.03785004,30.16116431,30.09204526,29.782206,29.81222034,30.5760475,29.6262587,28.42255783,29.30287377,29.519561,29.00466338,28.01269831,27.78418498,27.4983673,27.03642423,26.5768924,27.35244963,27.68257908
Switzerland,CHE,"Industry (including construction), value added (% of GDP)",NV.IND.TOTL.ZS,25.46819598,26.24425789,26.43397651,26.00642138,25.55151011,25.82707424,26.00279319,25.93094508,25.94630114,24.74278723,24.69452591,25.03152647,24.60389113,24.70221273,24.32391504,24.20112582,24.08997921,24.21769429,24.42395718,24.72115913,24.82791568,25.63559372,24.54338166,24.67083064
Channel Islands,CHI,"Industry (including construction), value added (% of GDP)",NV.IND.TOTL.ZS,,,,,,,,,,,,,,,,,7.675771666,8.019381088,7.923675334,7.930895155,7.654094652,8.864398759,8.383067881,8.220517039
Chile,CHL,"Industry (including construction), value added (% of GDP)",NV.IND.TOTL.ZS,27.83290073,28.48257298,28.51803459,29.7153366,32.75250218,34.03530241,38.68472919,37.46659702,31.98399142,31.88920115,33.46690302,32.44175423,30.55830033,29.43043731,28.90286707,27.88064041,26.77956505,27.38115607,27.86152277,27.11844224,29.8295676,30.8600533,31.0330474,28.80302573
China,CHN,"Industry (including construction), value added (% of GDP)",NV.IND.TOTL.ZS,45.07383152,44.2765436,43.87580281,44.98276213,45.23283266,46.3816217,46.88650286,46.18523623,46.23641913,45.17885872,45.70662071,45.80020541,44.68206982,43.39387078,42.28271578,40.04759022,38.81115609,39.12994435,38.97770017,37.76423332,36.91156241,38.0924722,37.89452666,36.77250302
Cote d'Ivoire,CIV,"Industry (including construction), value added (% of GDP)",NV.IND.TOTL.ZS,13.93680252,14.17861603,14.50052812,15.21233121,15.52607505,16.22417645,16.58395439,16.48317082,17.40883615,18.01630715,15.97657938,16.76240073,17.73245519,18.97952957,19.84554862,20.12155783,20.82071381,19.80856265,19.11168189,21.64204005,20.7022034,22.10303507,23.04454235,22.91604474
Cameroon,CMR,"Industry (including construction), value added (% of GDP)",NV.IND.TOTL.ZS,28.48270099,26.1843316,27.4755882,28.42339128,27.67688547,27.96574126,28.70456505,27.12517689,27.6000471,26.51125318,25.84451173,25.77675973,26.62487218,26.74194593,25.70780278,25.09148801,24.18214457,24.26219529,24.68223121,23.82687805,23.03806544,24.49255424,27.13035934,25.53343102
"Congo, Dem. Rep.",COD,"Industry (including construction), value added (% of GDP)",NV.IND.TOTL.ZS,22.4057063,30.01626655,32.61833688,28.85793841,31.78242349,31.79221049,29.73453615,30.20697115,33.2234554,33.01591566,38.68914996,40.94273752,40.25475638,41.28634597,42.97984786,41.7048639,41.16138163,55.8844017,65.87642951,39.65191584,41.13376671,45.34203535,47.77963307,46.41698473
"Congo, Rep.",COG,"Industry (including construction), value added (% of GDP)",NV.IND.TOTL.ZS,72.15267176,65.48845384,63.31892251,61.17235948,65.86448408,61.7104107,62.62918885,57.07041752,63.94197893,55.69794813,66.17916978,65.8738952,65.31021912,61.98930813,58.00141554,48.67895619,38.44745141,45.96718951,54.39199184,50.12867157,33.9517598,42.89370294,49.24555236,45.22363396
Colombia,COL,"Industry (including construction), value added (% of GDP)",NV.IND.TOTL.ZS,27.30577228,27.22281504,27.52901277,28.90378013,29.72589209,30.34814977,30.91346003,30.57903507,32.13109113,31.24703434,31.3713561,33.30215517,33.40550062,32.74755529,30.98585272,28.58944789,27.68916231,26.81485891,26.89546675,25.99342684,23.4392386,24.55531202,26.12300223,24.69256489
Comoros,COM,"Industry (including construction), value added (% of GDP)",NV.IND.TOTL.ZS,12.20627155,12.2063718,12.20631433,12.20627867,12.20629366,12.20649832,12.20643209,12.41024133,12.13563705,12.07332807,11.77532496,11.69731857,11.22266514,11.64824032,11.61092515,10.40840816,9.85451807,9.137350096,8.876795865,8.531000615,8.089453236,9.379227639,9.63879809,9.527790629
Cabo Verde,CPV,"Industry (including construction), value added (% of GDP)",NV.IND.TOTL.ZS,21.74719078,19.16407138,19.0535136,18.5259963,18.21808332,19.21107785,19.09227813,14.01154411,15.48151033,15.96945983,14.94145775,14.56997848,14.00680796,14.57827873,15.45569567,14.61589099,12.66684933,12.51880384,14.62868997,13.28519743,14.68663272,12.519147,11.07892384,10.79020938
Costa Rica,CRI,"Industry (including construction), value added (% of GDP)",NV.IND.TOTL.ZS,25.44499083,25.21660207,24.56959793,24.1792375,24.66906192,24.26953411,23.71986794,23.89379476,23.55360244,23.52273814,23.32296521,22.58987067,22.20487738,21.34497248,20.61640542,19.96787847,19.65001128,19.31453971,19.55814326,19.23365693,20.36785113,20.60579236,20.64643811,20.45925384
Caribbean small states,CSS,"Industry (including construction), value added (% of GDP)",NV.IND.TOTL.ZS,25.34070118,24.11716403,23.56301858,28.04892826,30.18332196,33.79074008,35.47714402,35.3476694,40.36432862,31.76307465,33.07479764,35.768435,31.38779001,30.55670983,29.6495114,24.89294216,24.29896275,25.28574229,25.61894778,24.65783257,24.55325333,29.54476033,36.58426189,32.87636773
Cuba,CUB,"Industry (including construction), value added (% of GDP)",NV.IND.TOTL.ZS,25.53508215,24.86238416,23.70134413,22.50593295,22.0396304,21.52682999,22.20473695,22.52699906,22.38649614,22.60470361,22.89360776,22.2582983,23.36719487,23.1503085,22.15207529,22.35380936,22.94280122,24.35662514,24.87790646,24.54953997,23.01787208,23.34743595,23.78323564,27.52423398
Curacao,CUW,"Industry (including construction), value added (% of GDP)",NV.IND.TOTL.ZS,14.78992193,17.46571237,16.50394645,15.48318111,15.02736672,15.40984041,16.09219655,16.39599226,15.2140225,16.94504025,15.01972892,13.63866155,13.78632458,15.33896192,16.35854869,16.50359727,17.15376213,15.40989702,14.41275094,13.27463857,11.98469359,11.43676838,11.18905903,11.68772411
Cayman Islands,CYM,"Industry (including construction), value added (% of GDP)",NV.IND.TOTL.ZS,,,,,,,9.828593363,9.650801805,9.084532433,7.903558921,7.065307699,6.813325371,6.857946093,6.923950601,6.896180449,7.006038297,7.28391279,7.193818235,7.414390774,7.707953575,8.134914863,8.374495859,8.1905945,
Cyprus,CYP,"Industry (including construction), value added (% of GDP)",NV.IND.TOTL.ZS,17.68603898,17.39380408,17.93018596,18.01293423,18.06745325,17.8911353,17.8301578,18.19711925,17.8966298,15.95450091,14.47911521,12.74536429,11.75798543,10.74927831,9.972876769,10.19094632,10.83651488,11.3472324,12.02242703,12.78901189,12.8234845,11.48044771,10.3144736,10.49417088
Czechia,CZE,"Industry (including construction), value added (% of GDP)",NV.IND.TOTL.ZS,33.30541318,33.74065336,33.06101833,32.21004399,33.45241577,33.53174235,34.2768165,34.14761959,33.62160947,32.99187303,32.78253746,33.31530478,32.61187757,32.37506449,33.52560569,33.51506176,33.02612208,32.23450692,31.24494021,30.81729276,29.67284901,28.5164056,29.21857305,30.42096846
Germany,DEU,"Industry (including construction), value added (% of GDP)",NV.IND.TOTL.ZS,27.25364612,26.57854823,25.79838623,25.62073536,25.83862471,25.6870805,26.26004666,26.45970844,26.06009237,23.87310762,26.06312546,26.31240879,26.57610753,25.90779415,26.01463233,25.91528527,26.2157748,26.11757042,25.9385392,25.63105395,25.37746187,25.30665368,25.68688746,27.29091756
Djibouti,DJI,"Industry (including construction), value added (% of GDP)",NV.IND.TOTL.ZS,,,,,,,,,,,,,,11.38658006,11.61295717,11.39514948,11.33870712,12.40612445,13.99161535,14.61034673,14.54569336,15.40597881,15.03087278,14.36346482
Dominica,DMA,"Industry (including construction), value added (% of GDP)",NV.IND.TOTL.ZS,15.86014638,20.73786979,21.93200663,17.63661256,16.82724625,16.07769673,16.46815168,16.15541582,14.59942439,13.16434056,13.54283923,14.78470298,15.02177998,13.44693625,13.54095878,11.94159712,12.5108806,11.64779825,16.42731657,16.44782984,12.14368239,13.0406748,12.60677537,12.75012078
Denmark,DNK,"Industry (including construction), value added (% of GDP)",NV.IND.TOTL.ZS,23.67975779,22.89763479,22.65510341,22.16953279,22.13709947,22.11186319,22.6855311,22.05830805,22.60899436,19.84596017,19.36793546,19.84592379,19.85064215,19.73435986,19.40444793,19.56444285,20.23196293,20.42362523,20.57556363,20.64022005,19.55505441,19.79677157,20.83551839,23.48856529
Dominican Republic,DOM,"Industry (including construction), value added (% of GDP)",NV.IND.TOTL.ZS,31.67042451,29.73277263,31.08810875,31.88230291,31.81294451,30.26935768,31.10986127,30.54694685,29.37550316,27.35617088,27.27299569,27.54325372,27.36303479,28.04281685,28.38600074,26.93456329,25.87955149,25.78400498,26.9196437,27.35643695,28.82431758,30.86895932,30.82554275,29.30868323
Algeria,DZA,"Industry (including construction), value added (% of GDP)",NV.IND.TOTL.ZS,53.33096965,40.81459026,39.76671454,42.04010158,44.98146332,48.50683601,50.8913842,50.37171688,51.61617121,42.01288021,45.24319464,44.9869856,43.19505491,39.74385437,38.56141383,32.75650093,32.20516405,33.47669495,35.34325861,33.57432118,30.02358038,36.32148125,43.04805748,37.75704953
East Asia & Pacific (excluding high income),EAP,"Industry (including construction), value added (% of GDP)",NV.IND.TOTL.ZS,43.3979803,43.42310855,43.17182303,43.73502995,44.14475214,45.10859809,45.58146863,45.01741311,45.21867438,44.24730765,44.2135381,44.40741935,43.53939191,42.4277861,41.52423317,39.49662886,38.3761567,38.68861469,38.62969263,37.51468794,36.68213998,37.91916207,37.92104861,36.75967669
Early-demographic dividend,EAR,"Industry (including construction), value added (% of GDP)",NV.IND.TOTL.ZS,32.38053156,31.84097371,32.86669394,32.47892625,33.63185274,34.85647538,35.94537505,35.63437209,36.91360059,33.73138205,34.34600977,35.22284216,35.0084662,33.91629389,32.80545363,31.96830247,31.41828217,31.97767814,32.99311617,31.9075075,30.73824537,32.85253612,34.25827583,32.91164571
East Asia & Pacific,EAS,"Industry (including construction), value added (% of GDP)",NV.IND.TOTL.ZS,33.99795278,33.17063765,33.00910012,33.26862776,33.57835456,34.1407534,34.8521733,35.25966119,35.43412487,34.88122228,35.6491594,35.68430209,35.49913177,35.62962695,35.74669474,35.03835503,34.24769603,34.72556223,34.87095825,34.13643173,33.82086455,34.92505705,34.90072587,34.10471012
Europe & Central Asia (excluding high income),ECA,"Industry (including construction), value added (% of GDP)",NV.IND.TOTL.ZS,27.97820432,27.38517727,26.75974521,26.82598615,27.12502349,27.86079299,29.1115051,29.43729856,30.02634727,28.008446,28.51832594,29.9306273,29.71274715,29.70094214,29.90186828,28.61403978,28.65895354,29.49843191,30.03441781,28.71779716,28.44593471,30.66783589,31.15052693,28.55569601
Europe & Central Asia,ECS,"Industry (including construction), value added (% of GDP)",NV.IND.TOTL.ZS,25.26998991,24.854185,24.35154359,24.03206659,24.08979049,24.24625287,24.54353929,24.52081358,24.61114934,22.94553391,23.3791003,23.6558148,23.52205499,23.18880263,22.88870402,22.89942695,22.70688475,23.00061387,23.17973151,22.99751659,22.59638359,23.22718033,24.2931517,23.86299322
Ecuador,ECU,"Industry (including construction), value added (% of GDP)",NV.IND.TOTL.ZS,34.69291132,28.46381003,27.98097463,27.54686486,29.66373838,32.12447307,34.79334838,35.43522929,38.92016148,31.09162133,33.90617518,37.40570052,37.09175038,36.83229365,35.71199553,28.09004234,27.53396379,28.4680087,28.01474886,26.65046313,23.98113448,27.34948988,29.58359054,27.57542596
"Egypt, Arab Rep.",EGY,"Industry (including construction), value added (% of GDP)",NV.IND.TOTL.ZS,30.7518671,30.89885698,32.58350488,33.37058683,34.66791675,34.14867224,36.15473531,35.06538668,36.21255165,35.81644598,35.78451848,35.9517176,39.25131486,39.88695442,39.89032394,36.63020173,32.45595335,34.39586778,35.32987506,35.82542441,32.3694443,31.18763579,32.71143143,32.73447525
Euro area,EMU,"Industry (including construction), value added (% of GDP)",NV.IND.TOTL.ZS,24.94270899,24.63824858,24.17659492,23.82198442,23.72643144,23.53239648,23.70224659,23.6840069,23.30542564,21.77434939,21.98598527,21.9722205,21.78461915,21.45785827,21.32128696,21.67016819,21.66936759,21.67409146,21.67272779,21.6221818,21.5926379,21.79867824,22.36508308,22.76272859
Eritrea,ERI,"Industry (including construction), value added (% of GDP)",NV.IND.TOTL.ZS,19.16068042,18.53351043,19.17384491,19.69660113,19.61273885,20.4623875,18.15290725,19.19520823,25.91468245,21.81933914,,,,,,,,,,,,,,
Spain,ESP,"Industry (including construction), value added (% of GDP)",NV.IND.TOTL.ZS,28.02064336,27.98855281,27.76441025,27.41443384,26.96745223,27.13177793,26.8985528,26.26693555,26.18694896,24.78215081,22.98594897,21.88717027,20.79927488,20.0279432,19.86959899,19.92306221,19.79372502,19.9047199,19.73857438,19.97790558,20.11939278,20.31657485,20.93090638,20.11641007
Estonia,EST,"Industry (including construction), value added (% of GDP)",NV.IND.TOTL.ZS,24.88270145,25.37864221,25.48283317,26.10580683,25.426103,26.25529265,26.9431146,26.84221587,26.13194165,23.2761523,24.03454918,25.34667451,24.63167814,24.67800446,24.10602104,23.11548514,23.23404176,23.18086204,23.28866055,22.31338488,21.77170781,22.65161698,23.33904868,21.74210874
Ethiopia,ETH,"Industry (including construction), value added (% of GDP)",NV.IND.TOTL.ZS,11.41046712,11.92792946,12.74027964,12.89950222,12.68554034,11.78883353,11.59231605,11.58949667,10.20685429,9.683480443,9.435128138,9.664642193,9.476137965,10.94455699,13.47132451,16.29779364,21.93256185,23.58190667,27.30570731,24.82236426,23.10229522,21.85002626,22.71752696,24.48368222
European Union,EUU,"Industry (including construction), value added (% of GDP)",NV.IND.TOTL.ZS,25.15111535,24.84626416,24.41048543,24.05835286,24.03034213,23.90048542,24.12076211,24.15168913,23.85207659,22.36658458,22.62373883,22.695394,22.42650133,22.00314609,21.93768999,22.30916326,22.27079707,22.22265184,22.2262491,22.17408652,22.06591016,22.25979698,22.90868654,23.32947705
Fragile and conflict affected situations,FCS,"Industry (including construction), value added (% of GDP)",NV.IND.TOTL.ZS,,,,,,,,,,,,,,,,,,,,,,,,
Finland,FIN,"Industry (including construction), value added (% of GDP)",NV.IND.TOTL.ZS,31.60295045,30.9494997,30.1192401,29.53583717,29.37615361,29.25558403,30.24742423,30.67214088,29.56505176,25.66209041,26.18537633,25.03908325,23.35885177,23.29813216,23.06186393,23.30393164,23.47659202,24.47064164,24.110735,24.14660529,24.22722062,24.232606,25.18082928,23.48248785
Fiji,FJI,"Industry (including construction), value added (% of GDP)",NV.IND.TOTL.ZS,19.58735269,20.62434875,19.90060361,18.65582867,19.76162877,16.45092857,16.1619036,15.4808294,16.08609369,16.67781186,16.9725804,17.41334029,16.72296805,16.33721435,15.01276575,15.17127027,16.20268603,15.69404877,15.53731824,15.81866294,17.18899588,16.67328873,15.70713092,14.19213354
France,FRA,"Industry (including construction), value added (% of GDP)",NV.IND.TOTL.ZS,21.12868305,20.76402473,20.36410754,19.92327867,19.66869203,19.35523085,19.01889188,18.89889463,18.6335204,18.01982416,17.5945885,17.68000487,17.46843477,17.56999392,17.34161953,17.23644155,16.94335724,16.74830326,16.72528326,16.90700396,16.27265121,16.08772896,16.19809184,18.47019258
Faroe Islands,FRO,"Industry (including construction), value added (% of GDP)",NV.IND.TOTL.ZS,17.83875904,18.61712593,19.37018825,18.81790526,18.11926606,17.2377523,16.94183537,16.86811331,17.3235542,15.96324611,14.23571396,14.30281135,14.19396138,13.81341629,15.66818304,16.48553445,15.60074347,17.30649997,17.88793532,19.11334707,20.98884824,19.52491938,17.94678765,19.66991453
"Micronesia, Fed. Sts.",FSM,"Industry (including construction), value added (% of GDP)",NV.IND.TOTL.ZS,8.182514989,8.253693703,6.786900063,6.637007508,6.118858123,5.251318613,4.054556663,3.15019596,3.759256775,6.88639333,7.235469572,8.162566463,8.338153826,7.307297525,6.030484428,6.113275653,6.046953846,5.429415042,4.866454082,4.817918782,4.873523438,5.002324465,5.018645003,5.030627561
Gabon,GAB,"Industry (including construction), value added (% of GDP)",NV.IND.TOTL.ZS,56.2551965,47.71007451,47.3156668,47.0391681,51.5005374,59.92236081,59.46631966,57.22220573,61.74200001,50.44675323,55.19246281,60.88121046,58.82460162,56.60861688,52.72224165,48.1836273,45.0378509,45.46730899,47.12708562,47.67886409,41.6943815,50.0677458,55.65909646,51.74506025
United Kingdom,GBR,"Industry (including construction), value added (% of GDP)",NV.IND.TOTL.ZS,22.62298865,21.71471947,21.29231962,20.84065121,20.24213749,20.26675265,20.13127379,19.73771184,19.99353665,18.55479267,18.58801047,18.32544404,18.30170127,18.62171677,18.22874888,18.09412294,17.59394872,17.80509988,17.90035237,17.75886435,17.41133528,16.73409469,17.24165502,17.48954793
Georgia,GEO,"Industry (including construction), value added (% of GDP)",NV.IND.TOTL.ZS,20.99750128,20.53640995,22.7373927,24.08542637,24.17576825,23.7580566,21.71444318,20.90056374,18.94374282,18.92638719,16.87791052,17.68003678,18.84674445,18.03372091,18.1712887,19.7698929,19.12216015,21.26748936,20.90427646,20.0073714,21.07095523,21.06756126,21.32977971,18.87995486
Ghana,GHA,"Industry (including construction), value added (% of GDP)",NV.IND.TOTL.ZS,25.40392229,25.21597974,25.27567435,25.2099151,24.71675627,25.12543594,19.38209477,19.49280657,19.39956455,18.51409213,18.01494281,23.86366009,27.13653359,34.08982221,33.89820305,31.1193795,27.69325465,29.95221769,31.17774363,31.10772437,29.87675423,28.40501467,31.47005051,29.46662238
Gibraltar,GIB,"Industry (including construction), value added (% of GDP)",NV.IND.TOTL.ZS,,,,,,,,,,,,,,,,,,,,,,,,
Guinea,GIN,"Industry (including construction), value added (% of GDP)",NV.IND.TOTL.ZS,21.52308969,21.8203987,21.48150293,21.75737154,20.9236441,21.98795386,34.27539594,30.76639579,32.93283757,32.28872632,32.3138373,32.61440056,31.5767583,29.64071392,29.69416485,26.32464161,30.10384329,31.65398693,33.34100143,29.3907987,28.51227427,28.82107123,26.50293007,25.73063932
"Gambia, The",GMB,"Industry (including construction), value added (% of GDP)",NV.IND.TOTL.ZS,14.82267336,14.76682464,15.80697677,14.84902505,11.45166445,11.4940796,12.12389238,11.87953997,11.16205075,10.21100755,9.828166236,11.51266032,11.95836884,11.89469631,13.21483428,17.14345306,20.93559296,17.89275502,17.3104258,17.28260083,16.85368539,15.88212315,15.58896953,16.65893213
Guinea-Bissau,GNB,"Industry (including construction), value added (% of GDP)",NV.IND.TOTL.ZS,8.881128695,9.969766222,15.82328009,16.75455349,12.44044042,12.44009607,12.09240561,12.5990181,12.38137562,12.75640334,13.74951491,12.2556709,12.04575127,13.15453146,14.6822694,12.92684753,12.02269333,11.7058929,16.37057219,15.68868514,12.50770143,12.00211928,12.84016384,15.72130092
Equatorial Guinea,GNQ,"Industry (including construction), value added (% of GDP)",NV.IND.TOTL.ZS,,,,,,,82.91490224,81.30169858,84.34919433,75.32473243,74.74456143,78.06487369,77.31150427,72.44925774,70.19094522,59.10058727,52.33025433,56.86222809,57.29508162,52.07541004,45.40541058,50.20179211,56.21099906,46.50380817
Greece,GRC,"Industry (including construction), value added (% of GDP)",NV.IND.TOTL.ZS,18.71341353,19.15210077,19.02446094,20.50633797,20.47732778,18.40068844,20.50137781,18.7461472,16.67113821,16.09347998,15.06552779,14.37924098,14.79981911,15.06431528,14.14428257,14.44061439,14.30533599,13.54389389,13.68040764,13.41395724,14.29560219,14.77119778,16.69772345,15.28185351
Grenada,GRD,"Industry (including construction), value added (% of GDP)",NV.IND.TOTL.ZS,17.90951883,16.51185707,16.61715595,17.00871384,16.71183384,22.84784878,19.42265002,18.8185413,17.5549887,14.72587018,14.7093297,13.34303667,12.3180286,13.39782952,12.81043786,12.32428898,12.15518956,12.71587675,13.43317702,13.64176034,13.09416053,14.54795551,16.08544791,14.96858341
Greenland,GRL,"Industry (including construction), value added (% of GDP)",NV.IND.TOTL.ZS,,,,14.63295873,15.71066153,16.24433206,16.72221526,16.78410752,18.21720942,17.98227505,18.08424492,18.06051859,18.91178514,18.13322723,15.6961946,17.04671163,17.68740706,17.01055293,18.21300677,17.14222827,20.65522837,18.98092925,19.51188896,18.4467841
Guatemala,GTM,"Industry (including construction), value added (% of GDP)",NV.IND.TOTL.ZS,19.79111628,27.3420735,27.18268952,27.44249661,27.88335509,27.58113724,28.26904536,27.88436382,28.11681614,27.52597452,27.49182654,27.94362123,28.12343712,22.95294893,23.19271673,22.73751097,22.61444118,21.90490965,21.42643238,21.94225744,22.32946337,22.24205143,22.63066127,22.30643669
Guam,GUM,"Industry (including construction), value added (% of GDP)",NV.IND.TOTL.ZS,,,,,,,,,,,,,,,,,,,,,,,,
Guyana,GUY,"Industry (including construction), value added (% of GDP)",NV.IND.TOTL.ZS,20.00122998,20.08263633,19.64927588,18.04961684,17.11392535,16.66919386,22.07167914,23.65893779,24.73909508,24.56999831,24.90272708,26.45387707,26.58774987,25.62806498,24.39212723,24.71873879,29.38292731,26.20709068,26.25976398,28.68931863,38.79608015,50.38959242,67.82064166,69.30127444
High income,HIC,"Industry (including construction), value added (% of GDP)",NV.IND.TOTL.ZS,26.52565356,25.40552916,24.72063568,24.71954746,24.940375,25.1927298,25.43038525,25.28628314,25.1614437,23.37590572,23.95265859,24.24571562,24.09931684,23.76961734,23.60154273,22.75071077,22.3070708,22.67733805,23.07609014,22.61513083,21.93602506,22.64334071,23.33176069,22.79318557
"Hong Kong SAR, China",HKG,"Industry (including construction), value added (% of GDP)",NV.IND.TOTL.ZS,12.08238349,11.3479853,10.63652502,9.858602385,9.172944434,8.45767903,7.995870559,6.891085054,7.002103091,6.871197442,6.835827987,6.7171725,6.844524385,6.947699229,7.067506488,7.058016579,7.475714668,7.218762443,6.478878505,6.254714375,6.170581955,5.989491533,6.262653664,6.296841625
Honduras,HND,"Industry (including construction), value added (% of GDP)",NV.IND.TOTL.ZS,29.3809339,27.69506071,27.26238826,27.37165815,26.5378388,26.24004476,26.78488327,26.15666926,25.94977686,26.0219597,25.5871307,25.81421601,26.1135718,25.40931972,24.5107788,25.64997094,25.8278975,26.53892231,26.5924588,26.7243169,25.35785722,25.82015931,25.90842477,25.82481927
Heavily indebted poor countries (HIPC),HPC,"Industry (including construction), value added (% of GDP)",NV.IND.TOTL.ZS,21.37813417,21.24437458,21.80869527,22.0845551,22.94039272,23.41904474,24.20698022,24.40127377,24.90486405,23.49318594,24.06522595,25.38422428,25.32241108,25.96462132,25.35851092,24.23529961,24.07737172,25.46385447,27.69502849,26.03715081,25.22663903,25.72094562,26.67516774,27.33865228
Croatia,HRV,"Industry (including construction), value added (% of GDP)",NV.IND.TOTL.ZS,24.20228875,23.80425481,22.91319969,23.34093036,24.14881654,23.77347164,23.40274704,22.93862794,22.75634306,22.68935452,21.36566747,21.49936193,21.03825499,20.50543715,20.65084317,20.3676184,20.2753466,19.77098612,19.28990883,19.57602338,20.09527751,19.58415245,20.06514956,21.01032239
Haiti,HTI,"Industry (including construction), value added (% of GDP)",NV.IND.TOTL.ZS,23.04848687,23.59848955,23.21169287,25.30987237,25.61287,25.03670079,26.49469301,25.29631128,26.70120189,26.22554115,23.53326873,24.59258027,25.37328252,25.68991933,26.56062976,26.05569094,24.44867789,23.70540839,24.13852103,23.38232622,23.32752565,25.61430274,29.34113803,31.98400131
Hungary,HUN,"Industry (including construction), value added (% of GDP)",NV.IND.TOTL.ZS,27.01474803,27.11181637,26.79537248,26.41833527,26.87787257,27.20895035,27.21577124,26.71204074,25.7747486,25.13711378,25.22669797,25.13591853,25.04986567,25.05612104,25.68738868,26.39167832,25.4486066,25.15875499,24.96975018,24.63373762,24.35968489,23.89733556,24.29403402,25.52979717
IBRD only,IBD,"Industry (including construction), value added (% of GDP)",NV.IND.TOTL.ZS,34.44792015,34.09402811,34.62809208,34.62927843,35.51465422,36.10320781,36.72354315,36.42486011,37.0180763,35.78202032,36.24263117,36.57625158,36.3079916,35.47007604,34.88306395,34.55827341,33.71943919,33.98962277,34.63087658,33.70204776,33.22026689,34.85305223,34.98052832,33.5729345
IDA & IBRD total,IBT,"Industry (including construction), value added (% of GDP)",NV.IND.TOTL.ZS,33.56271049,33.19736858,33.59394041,33.64307724,34.58429084,35.21461316,35.78994826,35.53714125,36.13754771,34.86611734,35.42560117,35.86468294,35.56600391,34.74044948,34.15616815,33.69715157,32.93191333,33.33707079,34.04604976,33.20125908,32.74140419,34.34269688,34.49503528,33.22167043
IDA total,IDA,"Industry (including construction), value added (% of GDP)",NV.IND.TOTL.ZS,23.53335605,22.73155899,22.22773266,22.87936022,24.28917005,25.11692525,25.24533509,24.8856548,25.49837291,23.86464005,25.07530385,26.42419262,25.64399109,25.26404798,25.0866184,23.33642618,23.3336182,24.98376113,26.4860286,26.79718097,26.70199038,27.38504093,28.00506219,28.20998038
IDA blend,IDB,"Industry (including construction), value added (% of GDP)",NV.IND.TOTL.ZS,23.54085915,21.94053908,20.49473184,21.86066679,23.85867066,24.77641122,24.19789101,23.28610715,24.18972123,22.06092028,23.90908858,25.36895885,25.10696392,24.17850966,23.6898665,20.92203027,19.55339147,21.71412163,23.23730667,24.60560597,24.34261885,25.72103366,26.64508552,26.2992669
Indonesia,IDN,"Industry (including construction), value added (% of GDP)",NV.IND.TOTL.ZS,41.96907464,47.89350079,47.74533116,43.74956609,44.62761598,46.54105887,46.94355874,46.79914152,48.06074477,47.65212258,42.77586634,43.91342343,43.59374442,42.63567744,41.92834213,40.0478624,39.30844398,39.3791548,39.72973745,38.951768,38.23839372,39.84481919,41.42926418,40.21568231
IDA only,IDX,"Industry (including construction), value added (% of GDP)",NV.IND.TOTL.ZS,23.45638679,23.41937248,23.86893217,23.82150966,24.65701407,25.38981647,26.32219633,26.57285243,26.82586591,25.55536715,26.19105879,27.44673183,26.20924108,26.42356557,26.61124653,25.8480618,26.82980113,27.86652797,29.33204952,28.66581746,28.57966329,28.71539361,29.08496847,29.55488523
Isle of Man,IMN,"Industry (including construction), value added (% of GDP)",NV.IND.TOTL.ZS,,,,,,,,,,,,,9.234801707,9.012033149,8.257548735,8.706772725,7.9069983,7.431955871,8.021557795,7.593255829,8.88444589,9.424168208,6.936464027,
India,IND,"Industry (including construction), value added (% of GDP)",NV.IND.TOTL.ZS,27.32582838,26.48777734,27.66065416,27.47410712,29.21910631,29.53376419,30.92723994,30.90323825,31.13671924,31.12137211,30.72507823,30.16167976,29.3985277,28.40489956,27.6564012,27.34739148,26.61899994,26.50001665,26.4120919,24.59147531,25.12290581,26.46652361,25.38451956,25.3029365
Not classified,INX,"Industry (including construction), value added (% of GDP)",NV.IND.TOTL.ZS,,,,,,,,,,,,,,,,,,,,,,,,
Ireland,IRL,"Industry (including construction), value added (% of GDP)",NV.IND.TOTL.ZS,31.50132261,34.0831219,35.10525023,32.25899428,30.76609246,30.03419212,30.0803732,28.52657244,25.92554979,25.61175215,23.33190421,24.26553444,24.0269939,23.80270297,24.40166738,38.40330288,36.48317444,36.23589045,36.87823743,35.91500018,37.37275621,38.18391409,40.68170533,33.18818387
"Iran, Islamic Rep.",IRN,"Industry (including construction), value added (% of GDP)",NV.IND.TOTL.ZS,40.30591016,39.91726198,45.50293488,45.05994955,47.47047248,49.63724905,48.25990088,48.23566313,47.66878878,43.0965173,44.20937942,46.23228857,42.09416321,42.77886847,39.22822805,32.17473965,34.36750777,36.22932632,37.35278268,33.29714526,36.14055614,38.01373475,39.85569298,36.24386466
Iraq,IRQ,"Industry (including construction), value added (% of GDP)",NV.IND.TOTL.ZS,84.79597915,77.41957755,74.15785642,70.8382338,61.83506076,63.6084345,61.44419192,60.10771063,62.78885842,51.98979242,55.79349515,62.54802879,60.57698851,57.69152679,55.30759638,45.34028882,46.18250206,51.32968146,54.16994275,53.10940328,39.90409722,54.60888777,65.27212456,53.96048516
Iceland,ISL,"Industry (including construction), value added (% of GDP)",NV.IND.TOTL.ZS,22.8576114,24.4555514,22.1813101,21.24982806,21.54353573,20.48971112,22.01742522,19.85275292,22.80310603,19.62886394,21.98401916,22.35694208,21.02421777,21.08005371,20.77705897,20.06093987,19.57767877,19.56025679,19.82184803,19.84816326,20.72849113,21.04929463,21.87411885,20.12137991
Israel,ISR,"Industry (including construction), value added (% of GDP)",NV.IND.TOTL.ZS,23.02481134,21.6994586,21.47034062,21.28237124,20.56000497,21.28155209,21.58324784,21.83634141,21.36206475,20.6116501,20.81424949,20.13471269,20.45684721,20.56724527,19.91748516,19.9747306,19.12380771,18.56468469,18.82029796,18.9233447,19.4382959,18.84005864,19.42694298,18.50229629
Italy,ITA,"Industry (including construction), value added (% of GDP)",NV.IND.TOTL.ZS,24.10210869,23.84486412,23.71283748,23.14242818,23.05570869,22.89227924,23.00390637,23.40529729,23.211744,21.38409481,21.36908017,21.24073422,20.79483201,20.60015394,20.18708447,20.28952832,20.66264572,20.79261424,20.98654902,21.01229844,20.96420391,22.55727711,23.27914411,23.07120705
Jamaica,JAM,"Industry (including construction), value added (% of GDP)",NV.IND.TOTL.ZS,22.56354482,22.31730126,21.32290593,21.49253457,22.25833961,21.9006506,21.22011485,21.31539962,19.68812284,18.09085934,17.98633045,18.24902354,17.99386056,18.09906598,18.3652279,19.26597766,19.11196922,19.43699951,20.34854096,19.25358445,20.39123954,20.9347128,19.92208154,18.64888432
Jordan,JOR,"Industry (including construction), value added (% of GDP)",NV.IND.TOTL.ZS,21.4363112,21.46078539,22.78186635,23.03595391,24.7957582,24.9215739,24.84965435,27.54445113,29.64498574,27.75934497,26.26682864,26.79466943,25.80780431,25.64066059,25.50879656,25.23280626,24.66931196,24.51396985,24.07783293,24.11168804,23.55381002,23.42042402,24.48820158,24.79631401
Japan,JPN,"Industry (including construction), value added (% of GDP)",NV.IND.TOTL.ZS,32.51358706,30.9812267,30.22260008,30.07892076,29.96693054,29.87170704,29.66557181,29.59729581,28.78297644,27.11121222,28.33597017,26.70143607,26.56264143,26.65074506,27.31362673,28.58371142,28.62994765,28.88242601,29.01400769,28.80408481,29.05680761,29.21919409,27.71743746,28.6021836
Kazakhstan,KAZ,"Industry (including construction), value added (% of GDP)",NV.IND.TOTL.ZS,37.77582967,36.14182986,35.81093211,35.07526591,35.35184195,37.62801815,39.35645575,37.73089748,40.25024558,38.43148085,40.60242212,37.2660881,36.30285333,33.69881564,33.20942583,30.85478739,31.97979036,32.3252253,33.4962004,33.02879591,33.09779715,35.2669296,34.97939742,32.42848433
Kenya,KEN,"Industry (including construction), value added (% of GDP)",NV.IND.TOTL.ZS,15.01585603,15.30962409,15.45356118,15.62315004,16.20507734,17.01262604,19.38410594,19.30216808,18.58277173,18.38662467,18.57467277,19.66290083,19.26155256,19.08025911,19.0360328,18.8940457,18.16215929,17.50350921,17.31314613,16.93054523,17.40028763,17.15243578,17.5274481,16.85806939
Kyrgyz Republic,KGZ,"Industry (including construction), value added (% of GDP)",NV.IND.TOTL.ZS,29.19961994,26.83248899,21.31370312,20.24326767,21.68936955,19.96745267,17.55446612,16.68229999,20.4289121,23.63572933,26.26527379,27.44908809,22.25712973,24.84359467,23.88822892,25.07806232,26.546424,27.30809347,27.47851368,26.58031495,26.90424685,23.74830157,24.1941422,23.58393378
Cambodia,KHM,"Industry (including construction), value added (% of GDP)",NV.IND.TOTL.ZS,21.64559865,23.26462579,25.37930584,26.34287454,27.68026858,27.41924702,29.07002258,28.14003508,26.04959669,25.56651629,26.00889851,26.66069267,27.61102977,28.9581198,29.91699165,31.46390517,33.05620946,34.29808092,36.87142375,39.04559465,37.45761228,40.32050857,40.86496262,40.51737416
Kiribati,KIR,"Industry (including construction), value added (% of GDP)",NV.IND.TOTL.ZS,11.62593251,12.28222768,11.61380177,10.18567131,8.953162205,8.420173927,9.765367607,11.33401945,11.01502526,10.57836057,11.97759125,13.21561927,13.49304205,14.37700246,14.11508911,14.72675804,14.65064516,12.41675949,11.08182053,9.564419242,9.864336716,10.77952829,9.859915263,
St. Kitts and Nevis,KNA,"Industry (including construction), value added (% of GDP)",NV.IND.TOTL.ZS,26.84273456,30.56503112,28.619539,24.35023434,22.70299497,22.24982233,23.15163916,23.23448339,21.94049825,23.22749146,22.54463649,20.93955569,18.68459113,19.71219,21.37861283,22.73824724,24.51433007,26.2859866,24.55069013,25.30180094,23.13593872,22.57751436,21.6957427,21.43290236
"Korea, Rep.",KOR,"Industry (including construction), value added (% of GDP)",NV.IND.TOTL.ZS,34.75531678,33.2209652,32.81274988,33.11125973,34.73483971,34.15033175,33.517273,33.45375008,32.51021797,32.90536001,34.11677597,34.45096726,34.13469264,34.44782919,34.09167237,34.14993567,34.29779968,34.76630854,34.04580231,32.67914892,32.5381602,32.4320155,31.72630126,31.59416497
Kuwait,KWT,"Industry (including construction), value added (% of GDP)",NV.IND.TOTL.ZS,,,,,,,,,,,66.06555829,72.72497333,74.81232078,73.09869385,70.54831668,55.93584566,52.13478016,55.61921587,60.12765373,57.71865674,48.46121018,58.30679316,65.76632892,60.29413638
Latin America & Caribbean (excluding high income),LAC,"Industry (including construction), value added (% of GDP)",NV.IND.TOTL.ZS,28.37187639,28.15885858,28.71436047,28.26916323,29.02709833,28.81606371,29.12699866,28.37368732,28.36044367,26.29212693,26.98520978,27.32889979,27.05630251,26.07672831,25.53561451,24.60873746,23.80193474,23.8916546,24.75548012,24.63472752,24.54477017,26.48374099,27.12683359,26.72031279
Lao PDR,LAO,"Industry (including construction), value added (% of GDP)",NV.IND.TOTL.ZS,16.4770694,16.99371479,18.38268973,20.12014415,19.35950977,23.22878956,26.17545125,25.39302052,26.94972317,25.16309379,30.46602109,30.81597019,32.43664467,30.42770755,28.81500055,27.69334425,28.75950464,30.9124754,31.53319249,31.53138199,32.41636783,34.12997772,34.10897973,30.53358083
Lebanon,LBN,"Industry (including construction), value added (% of GDP)",NV.IND.TOTL.ZS,19.96541122,20.43071372,19.11540593,18.31213873,14.57516638,14.76003823,15.00815138,15.50987735,16.21200383,15.43951679,13.80937621,14.50621607,15.48551974,16.34379623,16.20941013,15.70518464,15.95390381,14.92687978,13.80560238,12.49911818,6.638166395,2.758632074,2.3907621,2.086302018
Liberia,LBR,"Industry (including construction), value added (% of GDP)",NV.IND.TOTL.ZS,4.24715103,4.186181015,3.243096009,4.149037433,7.726989967,7.218187566,7.703261841,7.929315368,7.094959444,5.009739819,4.999614615,8.300116764,14.58892598,19.51825415,18.55481,16.82484548,13.770442,15.44165143,16.92386495,16.98960702,16.94895131,18.21779055,20.68854727,23.34851936
Libya,LBY,"Industry (including construction), value added (% of GDP)",NV.IND.TOTL.ZS,,,65.83038598,70.89381321,76.64251376,80.97429439,86.66955501,84.72750767,85.92039285,73.79725447,75.74498699,53.8989087,73.73692992,65.12375891,46.76927755,34.82896933,26.07707627,38.98001611,49.67675801,49.97761793,15.95020364,74.91210084,76.83807986,77.34007851
St. Lucia,LCA,"Industry (including construction), value added (% of GDP)",NV.IND.TOTL.ZS,,,,,,,15.57183088,13.33867027,12.93315548,13.19410657,11.69936339,11.0709394,10.88233113,10.23720405,9.983060896,10.86335166,10.99072956,10.88351285,9.856988308,9.044742931,12.66736495,11.28595231,8.865940591,9.684901965
Latin America & Caribbean,LCN,"Industry (including construction), value added (% of GDP)",NV.IND.TOTL.ZS,29.49081304,29.31673787,29.93095149,29.67315249,30.6420497,30.64845935,31.12310724,30.29128121,30.37435509,28.04936136,29.16875578,28.92673442,28.57796479,27.62246793,26.89250986,29.0284385,28.09391142,28.13364283,29.07077812,28.90604939,28.99431933,31.09138353,31.73699413,31.07689627
Least developed countries: UN classification,LDC,"Industry (including construction), value added (% of GDP)",NV.IND.TOTL.ZS,23.81219943,23.73372448,24.86323371,24.78145227,26.08473212,28.19491656,29.75449263,30.86111496,31.34373547,27.62779605,29.33203053,31.16577969,30.68298854,29.68537309,28.97113508,27.00603533,27.51310047,28.75840398,30.91238962,30.21679521,29.43971135,29.88954579,30.27441723,30.73254077
Low income,LIC,"Industry (including construction), value added (% of GDP)",NV.IND.TOTL.ZS,26.78361782,26.28221805,26.41984685,26.16298667,27.9306639,29.05574531,30.51652017,31.34887141,32.20095675,29.71173255,30.6948085,31.62104067,28.34405728,27.02892434,27.78362536,25.65454329,23.56181368,25.38091025,29.05533871,25.31403091,25.8059597,25.65497158,25.19018345,28.00892039
Liechtenstein,LIE,"Industry (including construction), value added (% of GDP)",NV.IND.TOTL.ZS,,,,,,,,,,,,,,39.30458267,39.64717263,37.26026489,41.95437832,44.07861714,41.75503469,44.29522857,40.30361983,40.77639021,40.62797201,
Sri Lanka,LKA,"Industry (including construction), value added (% of GDP)",NV.IND.TOTL.ZS,27.3180768,26.82059442,28.01061345,28.42457042,28.61810152,30.18808846,30.64229518,29.91981978,29.37119475,29.67143873,27.7831983,29.07314976,30.96985381,30.79568073,30.51789543,29.53541787,30.48271773,31.12827865,30.05681953,29.19100987,28.23583288,29.95400977,29.80583158,25.78267695
Lower middle income,LMC,"Industry (including construction), value added (% of GDP)",NV.IND.TOTL.ZS,27.05890608,26.34918,26.67785855,26.82588044,28.03020949,28.67421847,29.36321091,29.34528316,29.77251681,28.68887506,29.18333909,29.66169498,29.7005918,29.02190213,28.37336354,27.1474137,26.5249532,27.08172267,27.61658617,27.23048142,27.1383344,28.03109884,28.07607108,27.64709644
Low & middle income,LMY,"Industry (including construction), value added (% of GDP)",NV.IND.TOTL.ZS,33.67706817,33.46914434,34.10418779,34.16771912,34.92358177,35.51787217,36.20976798,36.04491575,36.84651981,35.47850204,35.87752742,36.54098642,36.34250639,35.53640489,34.8641865,33.4464402,32.67052175,33.08671476,33.74474547,32.87492397,32.49821853,34.10279407,34.20569713,32.97845413
Lesotho,LSO,"Industry (including construction), value added (% of GDP)",NV.IND.TOTL.ZS,35.16430785,37.99205688,38.70013563,36.47028812,34.66530775,33.77010711,35.48131965,39.12586171,40.56384007,33.30032239,31.46335213,33.19964991,30.81793982,29.02324456,32.16087362,33.7385657,30.58664757,28.57306173,31.13904258,30.5436539,31.07920713,32.07145827,30.48874128,28.73226229
Late-demographic dividend,LTE,"Industry (including construction), value added (% of GDP)",NV.IND.TOTL.ZS,36.47159214,36.60041136,36.50989726,37.06638403,37.72831005,38.10434393,38.34332273,37.7709063,38.03575437,37.62917806,38.12974524,38.43757441,38.19352386,37.33691119,36.88835029,36.14170209,35.05625158,35.23031056,35.88213296,34.9751189,34.46017683,36.00736344,36.24081518,34.61596521
Lithuania,LTU,"Industry (including construction), value added (% of GDP)",NV.IND.TOTL.ZS,26.50084845,27.21467166,26.39882123,27.96306232,29.52785582,29.72360685,30.17054789,29.64501628,29.20090863,25.0207491,26.21165181,28.35343171,28.20019993,27.62426892,27.72644118,26.96369786,25.99746022,25.72045768,25.57887872,25.25641494,24.78769007,24.85875092,25.63986959,24.23709429
Luxembourg,LUX,"Industry (including construction), value added (% of GDP)",NV.IND.TOTL.ZS,16.65467895,16.31385305,16.10805189,16.2313624,15.43934602,14.46612736,13.52057912,14.47596844,12.80514739,11.00660492,10.99797265,10.70843828,10.42671879,10.44294198,10.81088063,11.53962343,12.09593256,10.81833686,10.97207843,11.60046386,11.34277534,10.5920031,9.113799153,10.1675119
Latvia,LVA,"Industry (including construction), value added (% of GDP)",NV.IND.TOTL.ZS,24.22138618,23.25145468,23.3580896,22.27661614,22.34010975,21.04003908,21.87415905,22.75206472,22.84474521,21.52229297,20.8612026,21.41890103,21.41559034,20.8210959,19.61860433,19.78345674,19.16543657,19.77672939,19.3453568,19.59885279,20.33418377,21.09183067,20.72298712,21.68901523
"Macao SAR, China",MAC,"Industry (including construction), value added (% of GDP)",NV.IND.TOTL.ZS,11.45873568,9.820002903,9.233367106,9.549941796,8.417465039,10.97161628,14.10170232,13.78449329,11.80331952,7.31595528,4.808470909,4.160602224,4.035006375,3.719346479,5.039268807,7.695964505,6.620618076,4.996772845,4.090661172,4.213344131,8.485165777,7.68616442,9.251920664,5.444753715
St. Martin (French part),MAF,"Industry (including construction), value added (% of GDP)",NV.IND.TOTL.ZS,,,,,,,,,,,,,,,,,,,,,,,,
Morocco,MAR,"Industry (including construction), value added (% of GDP)",NV.IND.TOTL.ZS,24.3526302,22.86969299,22.63612244,23.32480131,24.00298761,23.68120688,22.75308141,22.42293928,24.31558226,22.25957486,23.71191269,24.50651919,24.26597735,24.15312888,25.81326751,25.62268173,25.68510458,25.40545481,25.24135381,25.24995241,26.04364339,25.95390905,25.91130939,24.55831041
Monaco,MCO,"Industry (including construction), value added (% of GDP)",NV.IND.TOTL.ZS,,,,,,,,,,,12.92234736,12.82520232,13.01624234,13.9971637,12.62918561,17.59173987,18.25599097,12.80195358,13.14703707,13.03616102,14.89614445,12.54577624,12.27578945,11.51869841
Moldova,MDA,"Industry (including construction), value added (% of GDP)",NV.IND.TOTL.ZS,19.14766937,21.96913728,20.38476213,20.67288099,20.71753247,19.16759004,18.77790365,19.44239191,19.12173485,17.16287409,20.43389172,20.91072042,21.31451091,21.60325754,21.1263772,21.10766573,21.19446461,21.01887677,22.14797636,21.92334893,23.134523,20.63126068,19.09082181,17.68786782
Madagascar,MDG,"Industry (including construction), value added (% of GDP)",NV.IND.TOTL.ZS,,,,,,,,18.90683075,20.46859544,18.83320963,18.00752056,17.85327281,17.27608432,17.90961382,19.24978287,18.95088473,19.40994447,20.11235766,21.48195747,22.44549735,19.46618711,22.25009462,23.35681615,22.93900881
Maldives,MDV,"Industry (including construction), value added (% of GDP)",NV.IND.TOTL.ZS,,,,12.37545926,11.05881252,11.73192936,9.517634289,8.745513433,11.44930718,9.620246846,9.431755806,10.07448199,9.790791627,8.058403066,8.413910755,10.7232266,11.27414928,11.42519846,13.0536487,11.94254378,12.56051391,9.192297596,9.918601294,9.691579863
"Middle East, North Africa, Afghanistan & Pakistan",MEA,"Industry (including construction), value added (% of GDP)",NV.IND.TOTL.ZS,42.83635738,40.63856077,41.49505061,42.00066013,44.18865506,47.78099542,48.77472981,48.04948142,50.10901885,43.14032987,45.41591948,48.15472069,48.21348148,46.6688432,44.34022724,36.35465705,34.45145794,36.25244072,39.2916972,37.61532992,32.94242314,37.97108657,43.27263693,39.74281135
Mexico,MEX,"Industry (including construction), value added (% of GDP)",NV.IND.TOTL.ZS,34.38680033,33.30840376,32.86450049,31.50066168,33.00628682,33.05313764,34.38566667,34.02450195,34.84806239,31.99931389,32.53948704,33.82310221,34.09634248,32.16827512,31.91755412,30.8402536,30.6167914,31.95868467,32.04386544,31.83829613,30.99998039,31.96952899,33.13722271,32.48197982
Marshall Islands,MHL,"Industry (including construction), value added (% of GDP)",NV.IND.TOTL.ZS,12.73736595,10.62283661,14.75719915,11.67427371,10.30007524,8.122753623,11.37695531,13.26019934,12.72251023,13.62837302,14.62290503,13.53737667,13.34742667,13.88433476,14.5738172,11.29885683,15.29697721,13.01230697,12.19868182,14.41717475,13.34536807,10.64943994,8.49952644,11.06027767
Middle income,MIC,"Industry (including construction), value added (% of GDP)",NV.IND.TOTL.ZS,33.81941628,33.60367747,34.26503264,34.33387799,35.07420466,35.66348513,36.33945692,36.15442086,36.95606253,35.60526472,35.98313692,36.63358967,36.4623817,35.65733912,34.96691481,33.55640353,32.77938255,33.17420565,33.79887789,32.96085122,32.57351379,34.18854903,34.30801581,33.03591575
North Macedonia,MKD,"Industry (including construction), value added (% of GDP)",NV.IND.TOTL.ZS,21.40633672,20.58654559,19.37806722,22.48840689,21.03844209,20.36200709,21.66258512,20.58092355,19.53312926,18.97270285,21.04226885,21.592422,21.0808587,22.14046476,22.82257866,23.92218322,23.96304609,24.25894588,24.05042988,23.70348341,22.74339589,22.58059209,23.02446807,23.25795121
Mali,MLI,"Industry (including construction), value added (% of GDP)",NV.IND.TOTL.ZS,21.52094779,22.67033855,22.6011138,22.75920793,24.18831415,26.37386242,29.64872243,27.3213023,26.48187537,26.75073957,26.58217495,24.26284536,23.90810288,22.79707628,23.43866091,22.35553203,21.89082394,22.17433863,23.20803172,23.08297411,26.73895369,25.78093863,24.79649664,24.39740741
Malta,MLT,"Industry (including construction), value added (% of GDP)",NV.IND.TOTL.ZS,26.99738475,23.84974371,24.76908814,24.53600806,22.22741921,20.73944586,19.80272251,18.50926725,19.30242375,17.65525744,17.4439389,16.44576293,15.07460962,14.55952964,13.07599998,12.09030469,12.27869719,11.45605694,11.51581159,12.06647137,12.26911755,12.02075696,11.89600842,11.80691008
Myanmar,MMR,"Industry (including construction), value added (% of GDP)",NV.IND.TOTL.ZS,9.692261136,10.58049433,13.00689549,14.2582574,16.36636196,17.51220464,19.23729302,20.40912967,22.66581542,24.5320051,26.46806427,31.29164883,32.3730208,32.3622196,34.4897148,34.46882126,34.80950488,36.80092112,36.9634615,38.41261109,37.54391555,37.31088999,38.24713577,37.59292504
"Middle East, North Africa, Afghanistan & Pakistan (excluding high income)",MNA,"Industry (including construction), value added (% of GDP)",NV.IND.TOTL.ZS,36.50627115,33.92965896,35.51540082,35.21524997,37.46157384,40.24438354,41.43781875,41.50334983,43.1240013,37.33696905,39.36810769,40.23225266,39.99197737,38.59722314,36.21887925,30.66847871,29.68693439,31.40129853,32.90878835,32.2292575,28.52991925,32.63752913,36.58359122,33.95962634
Montenegro,MNE,"Industry (including construction), value added (% of GDP)",NV.IND.TOTL.ZS,21.25900465,22.31432079,21.59535062,19.3294873,18.97294439,17.34154493,17.6826545,17.00298387,17.69478741,17.34875677,17.14840213,15.09421306,14.89050526,15.45724719,14.30364826,14.35346224,15.65498149,14.86137418,15.93412579,16.12944145,17.29468006,14.83549527,12.96530497,12.47668057
Mongolia,MNG,"Industry (including construction), value added (% of GDP)",NV.IND.TOTL.ZS,22.19614216,21.94188322,22.48462714,25.21995515,28.33344037,32.4965006,38.69260634,37.73477586,30.85103566,30.05655853,33.19424749,31.33374856,30.77159311,30.50689238,31.49762327,31.51587758,33.17807153,37.41841161,37.97567033,38.09269776,37.04967085,37.07557212,35.31221757,39.53540901
Northern Mariana Islands,MNP,"Industry (including construction), value added (% of GDP)",NV.IND.TOTL.ZS,,,,,,,,,,,,,,,,,,,,,,,,
Mozambique,MOZ,"Industry (including construction), value added (% of GDP)",NV.IND.TOTL.ZS,19.52922836,21.39385586,17.08210026,18.87681298,19.80666236,18.60613835,19.81623201,19.50853482,17.16774457,16.9004328,16.8681863,16.50933725,16.87400388,16.44572461,17.48846836,18.6152107,20.56698301,23.6070708,25.33392006,23.88826282,21.75399072,21.94117731,23.24259499,21.2873566
Mauritania,MRT,"Industry (including construction), value added (% of GDP)",NV.IND.TOTL.ZS,29.95185026,29.03614524,28.42029888,26.73455099,27.53211742,33.19032581,43.86966537,37.00524769,36.48908844,32.75441348,38.19290578,44.10790377,37.47417814,38.60977013,28.43737066,22.7465106,25.21976004,23.74562923,23.63503872,28.59843509,33.64653877,32.08189289,29.13755033,30.59021489
Mauritius,MUS,"Industry (including construction), value added (% of GDP)",NV.IND.TOTL.ZS,25.64026675,26.38740362,25.62399873,24.91525779,24.08620091,23.05396982,22.33633957,22.54526647,23.33757836,23.34964834,22.47196849,21.59977257,20.93975656,20.32691151,19.7179475,19.19317901,18.58451365,17.7627252,17.59954564,16.91088598,16.6414183,18.23887287,18.10622811,17.80245707
Malawi,MWI,"Industry (including construction), value added (% of GDP)",NV.IND.TOTL.ZS,19.04422144,17.8929694,19.80516022,21.18422955,18.44393458,17.52114531,19.21180627,21.29916384,18.93788918,18.06813119,17.93172882,18.16619967,17.71852208,17.4239449,17.26492671,17.55617213,17.65584221,17.74796248,18.39079401,18.49900692,19.0817403,18.42397311,16.90734354,15.31611727
Malaysia,MYS,"Industry (including construction), value added (% of GDP)",NV.IND.TOTL.ZS,48.32057149,46.202695,45.1153797,46.5786627,48.5303176,46.36832249,46.51565726,44.59599603,45.1050654,40.96782384,40.49893235,39.82426873,40.13500101,39.88537365,39.92442448,38.44966979,37.6832735,38.11471636,38.29143917,37.47655524,35.93473853,37.68268618,39.0948343,37.66974981
North America,NAC,"Industry (including construction), value added (% of GDP)",NV.IND.TOTL.ZS,22.92610945,21.86076903,21.05293421,21.22333173,21.51058738,21.87855696,22.26664109,22.127603,21.67306654,19.79643417,19.94934454,20.24101747,19.92805407,19.9257527,19.91415163,18.78109581,18.11026516,18.46686391,18.80374925,18.32320986,17.49617904,18.10831988,18.73745302,18.48650348
Namibia,NAM,"Industry (including construction), value added (% of GDP)",NV.IND.TOTL.ZS,23.47216566,26.4736692,27.09475894,24.04608419,25.08060975,24.78349542,30.12276344,31.81276891,34.19056171,28.75194508,27.42906842,29.32889118,29.98075467,26.5483435,26.63010297,27.56365362,27.51340327,26.07701809,26.86990462,27.05058111,25.81873495,24.44759679,27.11172556,30.18750103
New Caledonia,NCL,"Industry (including construction), value added (% of GDP)",NV.IND.TOTL.ZS,24.11925081,20.63823446,21.50970399,23.36466815,24.88881741,24.49902377,27.91384445,31.84962052,23.93105858,22.59146116,26.16236788,25.3064766,22.77912402,22.58251252,23.93170624,22.10003596,20.16111541,21.24658053,,22.32673267,,,,
Niger,NER,"Industry (including construction), value added (% of GDP)",NV.IND.TOTL.ZS,18.09837916,17.20907195,16.5393297,17.30875231,17.75346729,16.32748792,16.62656863,19.67498641,21.25456237,22.33975655,23.00034119,22.77951052,26.53723973,26.04650195,23.60596024,22.53832868,21.24519507,21.07215369,19.69767795,20.58618049,20.23878495,20.83428155,18.88851252,17.99941314
Nigeria,NGA,"Industry (including construction), value added (% of GDP)",NV.IND.TOTL.ZS,33.82300329,28.27626627,23.04083719,26.0024149,28.39004006,28.20158345,25.7516356,24.34471784,24.7142489,21.23676148,25.31745224,28.27779989,27.0730175,25.74232124,24.64360859,20.1607829,18.17313173,22.31511719,25.73330658,27.38253705,28.22050552,31.40753404,30.77556872,32.5844117
Nicaragua,NIC,"Industry (including construction), value added (% of GDP)",NV.IND.TOTL.ZS,20.15532814,21.49934041,21.46227978,20.59476094,21.39699121,20.96656319,20.87610428,20.72705849,21.96423322,21.07565918,21.96871345,23.15710146,24.54769465,25.38761465,25.09844902,25.73469791,25.79487536,24.81733548,24.99567846,24.28092012,25.79032112,27.28596204,25.9436106,27.20134064
Netherlands,NLD,"Industry (including construction), value added (% of GDP)",NV.IND.TOTL.ZS,21.09971229,21.2866582,20.51119405,20.03297721,19.95511435,20.27979361,20.47224927,20.43129541,20.78369535,19.58319382,18.9533173,19.32095858,19.32267043,18.68707433,17.68187826,17.41481031,16.96407123,17.12101175,17.32410485,17.11275575,17.37947709,17.70612977,18.65639653,18.74692651
Norway,NOR,"Industry (including construction), value added (% of GDP)",NV.IND.TOTL.ZS,36.79982931,35.56961476,33.61632074,33.81378552,35.42608646,38.38041058,40.05629989,37.61926027,40.81159056,34.86907471,35.30948421,37.62458055,37.47657624,36.27393147,34.67383521,31.59863177,28.53061663,30.49336719,32.64461227,29.82445898,26.88316734,37.90192304,49.12889713,39.06611685
Nepal,NPL,"Industry (including construction), value added (% of GDP)",NV.IND.TOTL.ZS,20.73557003,16.6609083,16.94682474,16.97130006,16.65732027,16.46708923,16.06796681,15.87314018,16.04998664,15.06680347,14.20076226,13.3934706,13.97716181,13.79833756,13.56456523,13.16165463,12.65541777,12.86258589,13.20063963,13.01067541,12.04731993,11.79204255,12.18122847,11.97170425
Nauru,NRU,"Industry (including construction), value added (% of GDP)",NV.IND.TOTL.ZS,,,,,,,,,,,,,,,,,,,,,,,,
New Zealand,NZL,"Industry (including construction), value added (% of GDP)",NV.IND.TOTL.ZS,23.58998323,23.10973336,23.85838246,23.25780958,23.55217102,23.9417689,22.99539546,22.96904212,23.41801824,21.59202345,21.373911,21.08219628,21.07963254,20.32955238,21.44477332,21.20797123,20.17323954,20.52918454,20.38195147,20.36793611,19.97783893,18.82759543,19.60444498,
OECD members,OED,"Industry (including construction), value added (% of GDP)",NV.IND.TOTL.ZS,25.96723853,24.88197551,24.19051411,24.08746186,24.22533681,24.33661587,24.56038652,24.41247228,24.13820781,22.5196915,22.96398287,23.08576315,22.87579527,22.61434743,22.51915473,22.01179334,21.66684375,21.93543618,22.09268579,21.70977264,21.26537162,21.68023333,21.9625174,21.85753078
Oman,OMN,"Industry (including construction), value added (% of GDP)",NV.IND.TOTL.ZS,56.16441557,53.2718052,52.82623158,52.59040389,53.36382049,60.28537107,60.29344393,57.72070107,63.59971535,57.5651554,63.27330932,68.18724872,67.5381672,64.92868793,62.05629187,53.09853524,47.94024994,49.59439552,53.89353115,51.37923295,47.14772229,51.92697165,59.48520777,55.28957263
Other small states,OSS,"Industry (including construction), value added (% of GDP)",NV.IND.TOTL.ZS,29.285583,28.13710635,27.64363545,27.37608834,27.40060137,28.12300737,29.17756834,27.75232905,28.99768738,25.27766959,26.08767074,27.76026708,27.49672124,26.07888717,24.68682615,22.67293734,21.58421978,21.43570137,21.9749778,21.86781053,21.59644659,22.40776112,23.11627591,20.46211628
Pakistan,PAK,"Industry (including construction), value added (% of GDP)",NV.IND.TOTL.ZS,17.18363478,17.59349428,17.15888767,17.38858336,18.90714529,19.93302931,20.19911966,19.94495532,21.19554845,20.33724676,20.96501978,21.18648095,21.95837207,20.89102951,20.86599123,19.60261467,18.15011797,18.09932709,18.58905159,19.56389458,18.58946354,18.8964082,20.41259555,20.66316254
Panama,PAN,"Industry (including construction), value added (% of GDP)",NV.IND.TOTL.ZS,18.30155726,16.40372211,15.58684226,16.7622316,17.11432046,16.94188827,17.05902417,17.39513625,19.44227763,18.84512932,18.77406211,19.37558397,20.98124689,24.41550784,25.77790375,26.5789491,27.41582125,28.25456213,28.32646061,28.41593273,23.43878089,26.3633167,26.46613983,27.82076836
Peru,PER,"Industry (including construction), value added (% of GDP)",NV.IND.TOTL.ZS,29.0341337,29.03515644,29.44403216,29.88934946,32.65009762,34.35666742,37.45775499,37.69897996,36.32693447,33.55168254,35.7720066,37.23610028,35.53355336,33.85943675,31.70140393,30.33787987,30.55655058,31.29788412,31.6240835,30.44919578,30.31928571,35.73833431,34.93142992,33.96948513
Philippines,PHL,"Industry (including construction), value added (% of GDP)",NV.IND.TOTL.ZS,34.97528477,34.89761526,34.78343526,34.54056403,33.61869621,33.81367631,33.46258533,33.00086093,32.76528841,31.52254268,32.33955605,31.33868278,31.39949336,30.77544663,31.04744448,30.48195098,30.28591717,30.12655058,30.56374015,30.32750788,28.39991759,28.88980912,29.22123994,28.19762291
Palau,PLW,"Industry (including construction), value added (% of GDP)",NV.IND.TOTL.ZS,14.51612256,18.04789484,21.41474375,17.51773908,15.15509196,13.39927474,11.54323349,10.8011504,8.910841871,8.761618543,9.771313086,8.52947521,8.116659807,7.800636977,7.534077847,7.977554364,10.17962045,8.193277311,8.936936637,11.2403065,12.73786559,11.69881685,11.77314077,9.87187825
Papua New Guinea,PNG,"Industry (including construction), value added (% of GDP)",NV.IND.TOTL.ZS,39.32907414,38.49061685,34.90540946,35.25167329,36.99062557,,35.3656203,34.53979774,34.38598701,29.77164175,33.16880986,31.33622035,27.57318033,26.54054718,32.78483362,34.80493013,34.72997158,36.35985974,36.92404507,36.71108094,33.04708376,34.03954822,40.27919961,36.28780652
Poland,POL,"Industry (including construction), value added (% of GDP)",NV.IND.TOTL.ZS,28.77183973,27.35051986,26.65472041,27.5111441,29.18527875,29.05889803,29.20218936,29.27545127,28.81653168,29.96131267,29.69749939,30.394166,30.22816571,28.67683335,29.93512398,30.99393003,30.67348711,28.80907596,28.86146172,28.83152422,28.56694862,28.48599934,29.1814825,29.39037981
Pre-demographic dividend,PRE,"Industry (including construction), value added (% of GDP)",NV.IND.TOTL.ZS,38.69022885,33.44493326,30.57678675,29.09629665,31.02737196,32.76010728,32.668834,33.04240467,34.9613812,29.4995036,32.5048722,36.38203098,36.02600704,33.99887609,32.03311545,26.83512966,25.83203017,29.19284421,32.35011774,31.63210626,28.5809559,32.3776508,35.24299555,33.62018833
Puerto Rico (US),PRI,"Industry (including construction), value added (% of GDP)",NV.IND.TOTL.ZS,46.06186529,48.33315031,49.24570846,49.00330628,47.94334048,47.23235667,46.85990165,46.77826207,47.39822596,49.40136286,50.90123835,49.78470718,49.63845742,49.26393363,49.93391628,50.93827841,51.15151236,50.22944692,50.6557671,50.84441206,50.31692732,50.48042501,48.22339752,47.29545935
"Korea, Dem. People's Rep.",PRK,"Industry (including construction), value added (% of GDP)",NV.IND.TOTL.ZS,,,,,,,,,,,,,,,,,,,,,,,,
Portugal,PRT,"Industry (including construction), value added (% of GDP)",NV.IND.TOTL.ZS,24.4615744,24.14388424,23.49698865,22.62971502,22.23695662,21.38330861,21.14765296,21.15335285,20.38627976,19.85719046,19.9335311,19.3319728,19.08675839,18.88309738,18.98504401,19.59384983,19.44817809,19.24938331,19.38204354,18.88608319,19.39453334,19.31283696,18.40324301,18.2023718
Paraguay,PRY,"Industry (including construction), value added (% of GDP)",NV.IND.TOTL.ZS,35.563533,38.56191185,42.17102755,40.27338267,38.40528806,39.28938865,38.30579032,37.10112364,36.76884845,37.38083932,34.60391551,34.03456239,34.51409814,33.23292499,33.60807585,34.58225375,34.49678032,34.39375891,33.55617521,33.48931143,34.20429922,34.67968973,34.25396576,32.90156306
West Bank and Gaza,PSE,"Industry (including construction), value added (% of GDP)",NV.IND.TOTL.ZS,21.49248887,24.02277893,20.06862028,23.19052419,19.98870327,20.9844509,18.35536526,17.56796258,17.33694463,17.55815823,18.62624593,18.934213,20.23606697,18.55869187,17.97179353,16.42523833,17.26277799,19.23177083,19.28412568,18.43289462,17.02839998,17.68512894,17.39271086,
Pacific island small states,PSS,"Industry (including construction), value added (% of GDP)",NV.IND.TOTL.ZS,16.46140268,17.15642876,17.53929315,16.65105986,17.36944094,15.29354198,15.07951049,14.87204331,15.23284992,15.09854566,14.92152735,15.86530204,15.32569406,14.56176724,14.06078109,14.08020025,14.73135649,14.47500835,14.17031472,14.4246906,14.77813741,14.40230613,13.89023771,12.76410154
Post-demographic dividend,PST,"Industry (including construction), value added (% of GDP)",NV.IND.TOTL.ZS,25.6196355,24.49063267,23.78780856,23.7517092,23.8448433,23.92931154,24.06605797,23.90602274,23.61522613,22.0456859,22.44366666,22.44673374,22.20836622,21.94997089,21.85559119,21.28829977,20.98895508,21.2340542,21.39371107,21.02921306,20.58279588,20.93028012,21.11443375,21.06171359
French Polynesia,PYF,"Industry (including construction), value added (% of GDP)",NV.IND.TOTL.ZS,,,,,,11.37655284,10.4789642,10.9597416,11.41060601,11.7732055,11.09865901,10.66556864,10.81710811,10.61847624,10.79462685,10.82484305,10.66791761,10.35483897,10.28754674,10.68346243,10.64612338,,,
Qatar,QAT,"Industry (including construction), value added (% of GDP)",NV.IND.TOTL.ZS,,,,,,,,,,,,73.21426579,73.46916076,71.76825133,69.75794746,57.4407932,53.20526006,56.68796532,60.38152349,57.16456608,52.33343072,59.9840088,65.34889949,60.36805079
Romania,ROU,"Industry (including construction), value added (% of GDP)",NV.IND.TOTL.ZS,30.26346214,32.33720698,33.32698502,32.04849373,31.83478736,32.26587428,32.97827709,34.28218255,36.77437066,36.42314204,38.30732865,40.20991596,34.42764635,32.0726085,32.57002115,30.81180708,30.12138475,29.11309332,28.911866,27.62803765,26.48734225,26.07985944,27.33527655,26.68732869
Russian Federation,RUS,"Industry (including construction), value added (% of GDP)",NV.IND.TOTL.ZS,33.91897032,31.83735412,29.05639281,28.65313499,31.70222243,32.62923207,31.78026059,31.2220408,30.7868817,29.32693903,29.99958822,29.41358884,29.10286807,28.19128918,27.93152706,29.79405999,29.17390507,30.67329689,32.55429805,32.15049584,29.71712458,31.78599915,32.23014357,30.40813292
Rwanda,RWA,"Industry (including construction), value added (% of GDP)",NV.IND.TOTL.ZS,16.81998942,16.4383278,16.39183842,14.28732208,14.58501397,14.94982027,15.83299216,16.73348218,16.26383853,15.68858119,16.32898192,18.16784485,18.22550342,17.61685598,17.55138349,17.44666319,16.83699129,17.28422325,17.34997975,18.86474597,18.63827504,20.45229327,21.26953123,20.70325335
South Asia,SAS,"Industry (including construction), value added (% of GDP)",NV.IND.TOTL.ZS,26.75699327,26.00247169,27.10145481,26.95657843,28.54586646,28.94939271,30.29765142,30.36329997,30.48323724,30.52009199,30.11415169,29.60692188,29.00578727,28.16756376,27.49839906,27.22131561,27.0437626,26.95394926,26.93353977,25.45507159,25.97639098,27.1503505,26.30922181,26.12641097
Saudi Arabia,SAU,"Industry (including construction), value added (% of GDP)",NV.IND.TOTL.ZS,53.45028219,50.78129978,51.00264127,53.96396051,56.70562094,61.73723625,62.53699103,62.69342268,66.42934316,54.64500095,58.03144017,63.08038698,61.94289828,58.97025688,56.16534048,44.60116971,42.5305962,44.88993247,49.01474395,45.72344599,38.30045451,45.9573311,53.12377059,47.60533095
Sudan,SDN,"Industry (including construction), value added (% of GDP)",NV.IND.TOTL.ZS,20.07971786,19.53811544,20.7757914,19.84131025,21.4151752,21.97634626,22.97786131,26.32852359,28.20733964,25.65087316,21.14204692,20.3300649,17.61752668,20.23674556,18.10049606,16.07121074,17.35460571,16.61740797,20.7757619,21.73630133,23.32818616,7.368743673,4.871401746,28.33641874
Senegal,SEN,"Industry (including construction), value added (% of GDP)",NV.IND.TOTL.ZS,24.0081947,23.88434803,24.78379293,24.20861612,25.06737096,23.68185823,23.41521669,23.63528656,22.08172609,22.00072917,21.77617631,23.30613296,23.11179753,24.29421252,23.15260328,23.59660851,23.34405351,23.27769428,24.01344539,23.57280962,23.20904116,23.91248636,24.89997907,22.88864783
Singapore,SGP,"Industry (including construction), value added (% of GDP)",NV.IND.TOTL.ZS,32.4585045,30.37966108,30.74567542,30.22480292,31.88589386,31.4076522,30.89429655,28.22577096,26.41533816,27.01631937,26.63587172,25.25959258,25.02220216,23.44272863,24.16851925,24.28802291,23.20295249,23.49663529,25.38042067,24.07072941,23.24167197,24.6140716,23.84052179,22.14599503
Solomon Islands,SLB,"Industry (including construction), value added (% of GDP)",NV.IND.TOTL.ZS,,,,9.50877193,9.674840846,8.59956762,9.325101128,9.984211713,10.26433915,11.82190852,12.9725252,18.65059352,18.24490966,15.64766398,16.86040019,15.55203493,15.55671081,17.60230488,17.60163772,18.12150521,17.24498692,18.05907656,18.65669889,
Sierra Leone,SLE,"Industry (including construction), value added (% of GDP)",NV.IND.TOTL.ZS,26.75921137,8.020113675,8.928152728,10.4640217,11.92774718,11.41943516,25.24752283,24.32861977,22.43545752,19.40260889,20.26509963,19.68376462,23.52972161,26.43037489,20.45271174,16.64286293,19.51567955,19.5143905,17.51068634,17.92329335,17.62711507,19.14249393,20.71875627,26.03349812
El Salvador,SLV,"Industry (including construction), value added (% of GDP)",NV.IND.TOTL.ZS,26.87772111,27.07794506,27.27513578,26.95253062,25.60392144,24.47128861,24.47179324,24.52193337,25.88129465,24.97003117,25.27591186,26.19541328,26.58935807,26.12164271,26.013534,25.28892954,24.83482787,25.17147273,25.07550676,25.34814372,23.7247499,24.1049005,23.73194704,23.18450969
San Marino,SMR,"Industry (including construction), value added (% of GDP)",NV.IND.TOTL.ZS,,,,,,,,,,,,,,,,32.02416615,32.40716496,32.45303154,36.21692033,34.77865695,35.61492207,36.63555816,37.59520178,
Somalia,SOM,"Industry (including construction), value added (% of GDP)",NV.IND.TOTL.ZS,,,,,,,,,,,,,,,,,,,,,,,,
Serbia,SRB,"Industry (including construction), value added (% of GDP)",NV.IND.TOTL.ZS,35.32751196,32.78360218,30.94628722,28.73936536,29.64344852,28.85821134,29.11121341,28.27912012,27.62845945,24.55223146,25.30236586,26.61820176,27.01819748,28.24955279,26.41284651,26.4213848,26.65426964,26.77326823,25.9062104,25.55461449,24.36276441,24.38475894,25.21801373,23.97466233
Sub-Saharan Africa (excluding high income),SSA,"Industry (including construction), value added (% of GDP)",NV.IND.TOTL.ZS,28.81100147,27.50494202,26.72451902,27.10020395,27.97420704,28.80987973,28.36167791,28.61687381,29.94621803,26.29409699,27.92670496,29.83258587,29.60175978,28.75743575,27.68970081,24.58897647,23.50865441,25.62196523,27.37138453,27.04699926,26.46285726,27.9112309,28.63614178,28.51958482
South Sudan,SSD,"Industry (including construction), value added (% of GDP)",NV.IND.TOTL.ZS,,,,,,,,,59.18684062,59.27782774,61.14369966,61.22564324,51.15029222,22.22482785,46.69940073,33.0945354,,,,,,,,
Sub-Saharan Africa,SSF,"Industry (including construction), value added (% of GDP)",NV.IND.TOTL.ZS,28.500115,27.21949002,26.51348796,26.90299088,27.7454462,28.55028758,28.09553136,28.31646588,29.52482306,25.85140107,27.53989454,29.43186568,29.08209624,28.27780671,27.26035233,24.26064614,23.42285794,25.50890594,27.35385405,26.9172994,26.24548218,27.55290758,28.26187144,28.17676063
Small states,SST,"Industry (including construction), value added (% of GDP)",NV.IND.TOTL.ZS,27.3704294,26.26793276,25.83577995,27.11634083,27.77678468,29.25267149,30.54219138,29.48300729,31.97750169,26.81766416,27.80011776,29.62847928,28.17875453,26.96178851,25.73380863,22.98326819,22.05172777,22.17665955,22.57540781,22.27088596,22.03948343,23.91259773,26.65887765,23.61187865
Sao Tome and Principe,STP,"Industry (including construction), value added (% of GDP)",NV.IND.TOTL.ZS,,,,,,,,,15.61641674,16.29383407,14.689273,11.98650588,12.11110293,13.34370752,12.81634904,11.67945916,10.32952039,9.07470301,8.388262005,7.526112851,6.058836687,5.044571674,4.355406435,2.821002021
Suriname,SUR,"Industry (including construction), value added (% of GDP)",NV.IND.TOTL.ZS,24.8905012,24.768231,28.66302191,26.79902564,31.02888989,33.84364156,36.98306966,37.06736137,40.07011755,34.29216018,35.17051613,35.10932743,35.26226117,32.25369531,30.24748468,27.25991566,26.75536002,38.27369389,36.76224155,33.88076701,36.56067184,37.70885374,42.23051733,39.86775448
Slovak Republic,SVK,"Industry (including construction), value added (% of GDP)",NV.IND.TOTL.ZS,29.5100486,29.9245858,29.31774601,30.77797117,32.17088404,32.05631581,34.22533047,33.4007648,32.91638907,29.28718243,29.956655,29.92955852,30.07110484,27.95627316,29.89481377,29.93189523,28.67045334,28.07680098,28.59301653,29.14678406,28.53772755,27.41593162,26.53419582,29.14484413
Slovenia,SVN,"Industry (including construction), value added (% of GDP)",NV.IND.TOTL.ZS,30.44540549,30.59804856,30.0414822,30.29333026,30.26349153,29.81140145,30.11340673,30.59831939,29.75536785,27.38243772,26.3518668,26.54872343,27.07243904,27.13635733,27.77362038,27.62721233,27.59979562,28.03117422,28.07187297,28.5562741,28.94488141,28.17353619,28.00983047,29.70108054
Sweden,SWE,"Industry (including construction), value added (% of GDP)",NV.IND.TOTL.ZS,25.99919462,25.68018432,25.45581021,24.89480544,24.74661173,24.5821093,24.84277537,25.02473468,24.14566043,22.33499621,23.85911879,23.73387749,23.10520143,21.98489669,21.6085141,22.28366785,21.9558674,22.16370526,22.18511636,22.29257389,21.81236405,23.0555277,24.02488163,23.234639
Eswatini,SWZ,"Industry (including construction), value added (% of GDP)",NV.IND.TOTL.ZS,39.39410809,39.47125721,39.28223192,38.3261795,39.82484758,39.78172449,39.82492531,40.4170426,39.59143841,39.90976434,37.70556388,36.7774863,36.79896077,36.55900392,36.15940833,36.95760475,37.80396441,34.90437005,33.99803941,34.64849178,31.21815328,32.81373367,34.5409383,34.74442081
Sint Maarten (Dutch part),SXM,"Industry (including construction), value added (% of GDP)",NV.IND.TOTL.ZS,,,,,,,,,,,,12.93268083,11.64503882,11.26160568,7.301341058,6.96750003,6.832957975,6.877032537,6.53037877,7.270146573,7.056707728,6.028524723,,
Seychelles,SYC,"Industry (including construction), value added (% of GDP)",NV.IND.TOTL.ZS,41.71756776,40.37700107,43.51176125,39.39496242,21.26643813,23.5711088,23.34387485,23.01582563,22.41435194,20.18246275,19.61349124,20.69526086,19.73438194,16.54130097,15.77004697,14.20303272,13.69095288,11.7738884,11.8099756,12.21856243,14.27154538,11.75372793,11.97876434,13.15902887
Syrian Arab Republic,SYR,"Industry (including construction), value added (% of GDP)",NV.IND.TOTL.ZS,33.31907325,30.12398255,29.14387237,28.26116707,30.02349847,31.18721116,34.98300514,34.05780176,34.22428372,27.29728389,30.42652417,33.73321405,25.04881247,23.19360902,19.49522803,15.49133603,16.23677963,17.20686491,18.49595161,15.91604685,21.09040434,18.66893565,12.0009587,
Turks and Caicos Islands,TCA,"Industry (including construction), value added (% of GDP)",NV.IND.TOTL.ZS,15.01505901,14.00733892,14.09497859,14.77539185,16.71645399,18.19911248,20.22391177,19.97414317,19.54296127,16.19964276,11.93628893,9.387203447,9.501884727,9.831777237,9.291196388,9.665205346,9.464749935,10.80044798,9.095591743,8.629298795,11.13615502,9.8086552,10.04986337,9.48175117
Chad,TCD,"Industry (including construction), value added (% of GDP)",NV.IND.TOTL.ZS,10.91267423,13.08313478,14.2598696,30.06554834,39.09820181,39.96449617,39.45911903,41.02450514,42.22151311,34.90257371,37.92861339,41.07477921,43.40288767,38.47455221,37.10943473,33.91829047,25.34501865,26.45858821,29.00649429,28.7590371,23.9030027,28.60985461,33.06360523,30.24374976
East Asia & Pacific (IDA & IBRD countries),TEA,"Industry (including construction), value added (% of GDP)",NV.IND.TOTL.ZS,43.38814153,43.41370578,43.16300425,43.72608149,44.13566075,45.09926954,45.57233704,45.00881022,45.21021125,44.23915643,44.20564158,44.3995368,43.53156732,42.42025639,41.51687218,39.48963713,38.3693553,38.68178751,38.62292326,37.5082061,36.67587275,37.91270412,37.91461745,36.75339496
Europe & Central Asia (IDA & IBRD countries),TEC,"Industry (including construction), value added (% of GDP)",NV.IND.TOTL.ZS,29.77036078,28.95518149,27.66388959,27.66574648,29.18590722,29.89662642,30.21920697,30.24726311,30.35546907,29.14120779,29.56155078,30.01130954,29.50211117,28.79910981,28.9498418,29.2992435,29.00669538,29.63398674,30.52886031,29.80750037,28.58034236,30.15451483,30.89501617,29.02714887
Togo,TGO,"Industry (including construction), value added (% of GDP)",NV.IND.TOTL.ZS,30.30282777,29.37861583,30.21987224,31.07418651,28.03859935,24.42971431,25.0511548,26.20517466,23.7868088,20.597459,20.27238167,21.69524115,19.95209222,22.12824212,23.77218538,22.79404267,20.88353749,20.40173636,21.02960762,19.34441434,20.1584693,20.16934607,20.14113611,20.16983611
Thailand,THA,"Industry (including construction), value added (% of GDP)",NV.IND.TOTL.ZS,36.66940838,36.32100349,36.89443145,37.91817489,37.9023025,38.50521071,39.14685588,39.43137188,39.47961297,38.60859889,39.9217257,37.98139827,37.34369414,36.89858846,36.76304037,36.17917733,35.58676541,35.01875953,34.74248967,33.59391051,33.29072297,35.03171197,35.1217577,32.98040933
Tajikistan,TJK,"Industry (including construction), value added (% of GDP)",NV.IND.TOTL.ZS,35.27732692,36.18456978,35.1405801,33.11631033,30.91628427,27.36658063,27.36417002,26.42841523,24.55751963,24.50881063,24.97662615,22.46874906,22.04263462,23.11516465,22.60474151,30.2202135,32.21336623,31.84685796,34.3983608,33.06214906,33.79653947,35.1776826,34.70258086,33.63877086
Turkmenistan,TKM,"Industry (including construction), value added (% of GDP)",NV.IND.TOTL.ZS,41.06069309,41.97198724,40.29840849,38.88561569,37.87185045,37.06399418,35.79017034,37.70962963,60.54578532,60.91024284,59.13116435,65.86929124,66.57985591,63.42771208,60.66960111,54.29333035,51.43254366,47.04388965,44.90639828,42.41227932,37.38268803,37.12419869,40.44776698,39.27219947
Latin America & the Caribbean (IDA & IBRD countries),TLA,"Industry (including construction), value added (% of GDP)",NV.IND.TOTL.ZS,29.24949767,28.94981649,29.51989613,29.26153353,30.36346023,30.45612819,30.98555954,30.15310128,30.23332193,27.73922192,28.92073842,28.72944268,28.36168589,27.386669,26.64371774,28.82412632,27.7986467,27.89809943,28.87504469,28.67643702,28.7359798,30.98431253,31.74342768,31.11138661
Timor-Leste,TLS,"Industry (including construction), value added (% of GDP)",NV.IND.TOTL.ZS,16.08596106,13.17908821,11.92023525,10.17514713,5.496810142,5.292471034,5.039308724,5.315188743,7.702510749,10.03458618,9.137311513,12.98574647,12.79113872,20.10621128,16.97929695,18.37076232,19.22911351,15.78052928,16.49902175,30.41314514,36.75200817,62.18864306,54.51234434,23.86632359
"Middle East, North Africa, Afghanistan & Pakistan (IDA & IBRD)",TMN,"Industry (including construction), value added (% of GDP)",NV.IND.TOTL.ZS,36.61683723,33.99493493,35.61324332,35.29210597,37.57098158,40.36025608,41.56238951,41.61896537,43.25324154,37.45035264,39.49235056,40.35799002,40.11017176,38.73850836,36.352824,30.78112586,29.7924382,31.50790559,33.0287527,32.36037928,28.63926623,32.78021481,36.75764695,34.11303328
Tonga,TON,"Industry (including construction), value added (% of GDP)",NV.IND.TOTL.ZS,18.10548323,18.41746029,17.68754253,17.06780034,16.5603762,16.66473228,15.32395159,15.70130292,15.51131811,16.77371542,18.04249827,19.08757088,18.86623201,15.89521341,16.1281891,15.54721335,15.97236763,16.42122744,15.33875272,15.66874811,15.09779789,17.89800822,15.54522009,13.52281405
South Asia (IDA & IBRD),TSA,"Industry (including construction), value added (% of GDP)",NV.IND.TOTL.ZS,26.75699327,26.00247169,27.10145481,26.95657843,28.54586646,28.94939271,30.29765142,30.36329997,30.48323724,30.52009199,30.11415169,29.60692188,29.00578727,28.16756376,27.49839906,27.22131561,27.0437626,26.95394926,26.93353977,25.45507159,25.97639098,27.1503505,26.30922181,26.12641097
Sub-Saharan Africa (IDA & IBRD countries),TSS,"Industry (including construction), value added (% of GDP)",NV.IND.TOTL.ZS,28.500115,27.21949002,26.51348796,26.90299088,27.7454462,28.55028758,28.09553136,28.31646588,29.52482306,25.85140107,27.53989454,29.43186568,29.08209624,28.27780671,27.26035233,24.26064614,23.42285794,25.50890594,27.35385405,26.9172994,26.24548218,27.55290758,28.26187144,28.17676063
Trinidad and Tobago,TTO,"Industry (including construction), value added (% of GDP)",NV.IND.TOTL.ZS,47.53604681,45.20699108,42.90957541,51.49643806,54.36828015,59.64701535,60.81944155,59.65214217,63.97825968,53.13585288,53.81395645,57.05101228,46.8240898,44.98014101,43.63135696,35.97704721,34.41456926,36.18086662,37.78973399,35.47973035,31.35274596,38.98013522,46.05010546,34.99761174
Tunisia,TUN,"Industry (including construction), value added (% of GDP)",NV.IND.TOTL.ZS,26.80662105,26.43669833,26.5762343,25.561442,25.57977265,26.43356977,27.18473125,28.90834161,31.44941852,28.04121533,29.52355177,30.54812597,30.12153682,29.13794673,27.12888364,24.89649474,24.00728747,23.62390515,23.68631373,23.23514894,21.51167218,23.2780365,24.67129739,23.63984805
Turkiye,TUR,"Industry (including construction), value added (% of GDP)",NV.IND.TOTL.ZS,26.79741217,25.50362309,24.59171985,24.79368756,25.10695716,25.23728328,26.03384574,26.37394825,26.14778198,24.0238464,24.49015183,26.83751694,26.64934736,27.67999217,28.11666119,27.83434929,28.08295977,29.13172126,29.43859753,27.33170283,28.02576653,31.13280073,31.29376746,28.37765336
Tuvalu,TUV,"Industry (including construction), value added (% of GDP)",NV.IND.TOTL.ZS,6.244230769,7.415185185,7.350322581,9.541333333,8.996129032,7.417666667,5.403125,7.441176471,12.26052632,11.03888889,5.525714286,8.892105263,7.635,7.49075,7.393488372,7.015510204,,,,,,,,
Tanzania,TZA,"Industry (including construction), value added (% of GDP)",NV.IND.TOTL.ZS,19.21152666,19.38051488,21.49452941,23.24515173,23.10549978,22.93951558,22.84522244,23.19719007,23.73753919,21.67690864,23.55617366,26.38208409,25.39949872,25.44674503,25.14150348,24.48735011,24.85839937,25.04215119,27.00776551,28.67183336,27.08445029,27.29614189,27.68481118,28.03394335
Uganda,UGA,"Industry (including construction), value added (% of GDP)",NV.IND.TOTL.ZS,21.4381816,21.16865431,22.92010212,22.67670777,20.86400881,23.51010649,22.76616115,25.07733143,25.76811004,27.28618529,27.59183362,27.55829568,27.17860734,25.46466468,25.22268201,27.10988488,26.16646039,26.03099481,26.23601165,26.6204367,26.49052459,27.14944169,26.76614863,25.75321144
Ukraine,UKR,"Industry (including construction), value added (% of GDP)",NV.IND.TOTL.ZS,31.65027707,29.90789629,30.21551393,30.42670945,29.37176963,30.18619144,30.54345171,30.65852223,28.08343401,24.75983114,25.6492814,24.83912427,24.26605241,22.43026499,22.81899157,21.72795774,23.17836207,23.28880022,23.29333298,22.58041968,20.79994297,23.15371422,18.0108316,19.08675986
Upper middle income,UMC,"Industry (including construction), value added (% of GDP)",NV.IND.TOTL.ZS,35.66029962,35.59771044,36.44564749,36.5311379,37.08518522,37.59698519,38.25502839,38.01404744,38.74921562,37.41729889,37.7379614,38.31252375,38.07374782,37.22896844,36.59057085,35.19146507,34.43531611,34.76712619,35.3748474,34.46980894,34.00411639,35.72693056,35.89854619,34.39406349
Uruguay,URY,"Industry (including construction), value added (% of GDP)",NV.IND.TOTL.ZS,22.04520372,21.93513374,21.86232885,23.09379441,22.43480581,23.77533687,22.8965222,23.64404864,22.76735131,24.07940704,24.52885572,22.70512024,22.86222893,23.66924034,24.70064115,25.44175805,18.86731445,18.03190372,18.33338867,17.56016942,16.95559097,17.7321589,17.70865421,16.752026
United States,USA,"Industry (including construction), value added (% of GDP)",NV.IND.TOTL.ZS,22.45310484,21.40536947,20.60381323,20.70565489,20.93730018,21.2237226,21.64491357,21.46921411,20.87379693,19.3014095,19.26721767,19.4538919,19.17945585,19.1998037,19.17876836,18.30668227,17.69363676,18.00393961,18.32233955,17.86150982,17.1157864,17.49538061,18.08359807,17.74587006
Uzbekistan,UZB,"Industry (including construction), value added (% of GDP)",NV.IND.TOTL.ZS,20.22975796,19.95208414,19.38874124,20.44595693,22.30568469,26.01203261,26.83847024,26.86271728,29.0650709,30.35264382,21.22951481,19.77798046,20.42793816,21.29451964,22.07089255,22.52046082,22.9212713,24.72537784,28.64289864,31.99911837,32.02524333,32.39681801,31.48135075,31.02441176
St. Vincent and the Grenadines,VCT,"Industry (including construction), value added (% of GDP)",NV.IND.TOTL.ZS,16.65181392,16.20478211,15.33256378,15.71030684,16.18195356,15.8034606,15.91850163,17.57892076,15.70981424,15.86606877,15.90305475,15.13512361,14.57607677,14.70692612,14.1124131,14.94890992,14.38220338,14.67061007,14.55758495,13.69401619,12.55820728,12.87305735,14.61728839,14.74729192
"Venezuela, RB",VEN,"Industry (including construction), value added (% of GDP)",NV.IND.TOTL.ZS,46.40484826,42.91029316,46.65496991,48.84170707,51.11347644,53.08839747,51.9276624,49.28286268,50.61245934,40.81209353,48.40860228,48.63213241,45.16019843,44.72616122,37.24468889,,,,,,,,,
British Virgin Islands,VGB,"Industry (including construction), value added (% of GDP)",NV.IND.TOTL.ZS,,,,,,,,,,,,,,,,,,,,,,,,
Virgin Islands (U.S.),VIR,"Industry (including construction), value added (% of GDP)",NV.IND.TOTL.ZS,,,,,,,,,,,,,,,,,,,,,,,,
Viet Nam,VNM,"Industry (including construction), value added (% of GDP)",NV.IND.TOTL.ZS,36.73077533,38.12942166,38.48667879,39.47000781,40.20874953,38.1311399,38.58473103,38.51162485,37.07769638,37.38818638,33.02287714,34.58040878,35.86023239,35.57515044,35.29856849,34.26654664,34.11522886,35.39036407,36.54243341,36.8031369,36.74371329,37.39151925,38.48236124,37.58156975
Vanuatu,VUT,"Industry (including construction), value added (% of GDP)",NV.IND.TOTL.ZS,11.22299084,9.047491996,8.951385659,8.189980481,7.597480577,7.847408918,8.094875645,7.949260842,9.109132519,11.19559891,12.87309988,9.994920543,7.874072577,8.211515929,7.500066573,10.74905191,10.47691091,10.16999167,10.09516627,9.502093997,10.27933174,8.772158256,7.546471528,
World,WLD,"Industry (including construction), value added (% of GDP)",NV.IND.TOTL.ZS,27.71598601,26.75846926,26.26383066,26.26371625,26.65936543,27.15569197,27.66878251,27.72722716,28.05858128,26.52090872,27.45108149,28.0179414,28.00201216,27.63510164,27.35521972,26.61347044,26.03524304,26.51737064,27.01838362,26.4408123,25.84347001,26.99892154,27.50944929,26.66100151
Samoa,WSM,"Industry (including construction), value added (% of GDP)",NV.IND.TOTL.ZS,27.7265036,29.45242578,30.01209028,31.00839063,32.3616645,31.56548072,31.33195354,31.21484376,30.6045956,22.47145719,14.77778185,15.76615253,16.30707384,15.14672879,15.20952043,14.5012807,14.40868348,13.18495546,11.72041111,11.95963932,11.12237565,11.12975738,11.42476079,10.90783614
Kosovo,XKX,"Industry (including construction), value added (% of GDP)",NV.IND.TOTL.ZS,,,,,,,,,27.04339864,27.99054188,27.04119832,27.51482472,27.50847669,27.1872163,26.51706683,26.94323282,26.8584266,27.52757197,27.90835853,27.08838447,27.55845663,27.44916199,27.24418139,26.34570336
"Yemen, Rep.",YEM,"Industry (including construction), value added (% of GDP)",NV.IND.TOTL.ZS,48.78357907,44.90835457,45.15362295,45.91411101,47.80155215,51.52338326,51.95881062,52.30363645,52.57152771,52.78566606,52.96074775,53.10656509,39.74845544,38.99441415,39.88825801,33.86615935,25.90226807,25.92404097,25.44299784,,,,,
South Africa,ZAF,"Industry (including construction), value added (% of GDP)",NV.IND.TOTL.ZS,28.22975551,28.53161312,28.50591602,26.89286806,26.30363667,26.01507927,24.85911763,25.29461831,26.94155611,25.74307619,25.3034631,24.83949115,24.46860024,24.55174177,24.30528201,23.73230797,23.7825373,23.6105565,23.53706084,23.62201528,23.33943841,24.86916504,24.93487258,24.61964147
Zambia,ZMB,"Industry (including construction), value added (% of GDP)",NV.IND.TOTL.ZS,23.24389415,23.36061169,23.87555244,24.13497304,25.69612518,26.84962403,30.39611732,31.90968043,30.99061557,30.22446888,32.23891476,34.44428192,32.01065039,32.55644911,32.94414802,33.65724912,34.87716661,37.30404492,34.48532158,34.94198122,40.19768966,41.83193847,35.28382102,35.10777807
Zimbabwe,ZWE,"Industry (including construction), value added (% of GDP)",NV.IND.TOTL.ZS,,,,,24.38274924,26.47797949,30.6507756,32.46205969,30.48296185,21.45424397,20.69381092,21.72047793,25.33074282,23.79963687,23.71851575,22.35846276,22.114973,32.01558416,31.03791073,32.02594288,32.76751828,28.80558596,39.69164138,26.30105993
