Entity,Code,Year,Social protection,Health,General public services,Education,Economic affairs,Defense,Public order and safety,Housing and community amenities,"Recreation, culture and religion",Environmental protection
Australia,AUS,2007,26.693,17.899,10.385,14.967,13.168,5.186,5.123,2.101,2.614,1.864
Australia,AUS,2008,29.408,17.178,9.787,14.676,12.585,5.271,4.786,1.985,2.445,1.879
Australia,AUS,2009,25.217,17.478,10.717,16.916,12.816,5.274,4.839,2.05,2.558,2.135
Australia,AUS,2010,25.408,18.056,11.018,16.993,11.806,5.09,4.88,1.826,2.552,2.372
Australia,AUS,2011,25.556,18.743,11.853,15.336,12.268,4.852,4.788,1.503,2.461,2.64
Australia,AUS,2012,25.995,18.638,11.478,15.487,12.154,4.891,4.734,1.492,2.392,2.738
Australia,AUS,2013,26.303,18.332,11.942,14.992,12.377,4.95,4.632,1.458,2.343,2.671
Australia,AUS,2014,26.822,18.356,12.026,14.84,12.058,5.217,4.774,1.494,2.303,2.11
Australia,AUS,2015,26.719,18.927,11.662,14.825,11.485,5.561,4.841,1.411,2.396,2.173
Australia,AUS,2016,25.912,19.708,11.337,14.78,11.644,5.733,4.899,1.396,2.342,2.249
Australia,AUS,2017,25.225,19.383,10.66,15.025,12.488,5.809,5.095,1.436,2.525,2.354
Australia,AUS,2018,25.224,19.209,10.34,15.244,12.514,5.944,5.186,1.576,2.431,2.333
Australia,AUS,2019,25.038,17.871,9.145,14.437,17.173,5.701,4.804,1.426,2.212,2.195
Australia,AUS,2020,25.546,17.796,7.948,13.191,19.825,5.373,4.645,1.469,2.113,2.094
Australia,AUS,2021,25.909,19.8,9.186,13.965,14.308,5.785,4.934,1.637,2.231,2.244
Australia,AUS,2022,25.27,19.521,10.272,14.287,13.46,5.724,5.031,1.666,2.337,2.431
Australia,AUS,2023,26.462,18.973,10.588,14.129,13.089,5.799,4.914,1.546,2.235,2.265
Austria,AUT,2007,38.83,15.308,15.333,9.476,12.261,1.558,2.622,0.808,2.918,0.886
Austria,AUT,2008,38.646,15.427,14.443,9.671,12.969,1.808,2.65,0.773,2.722,0.891
Austria,AUT,2009,38.665,14.86,14.281,9.421,14.454,1.317,2.576,0.833,2.61,0.984
Austria,AUT,2010,39.854,15.275,14.436,9.67,12.687,1.234,2.557,0.763,2.479,1.044
Austria,AUT,2011,40.047,15.464,14.418,9.791,12.249,1.25,2.582,0.749,2.526,0.923
Austria,AUT,2012,40.16,15.445,14.103,9.744,12.667,1.168,2.588,0.733,2.492,0.9
Austria,AUT,2013,40.514,15.419,13.852,9.698,12.748,1.225,2.532,0.71,2.482,0.822
Austria,AUT,2014,40.82,15.616,13.093,9.525,13.332,1.133,2.552,0.707,2.399,0.823
Austria,AUT,2015,41.538,16.214,13.342,9.696,11.646,1.108,2.638,0.712,2.413,0.692
Austria,AUT,2016,41.657,16.319,12.891,9.728,11.729,1.204,2.668,0.709,2.391,0.705
Austria,AUT,2017,41.56,16.63,12.109,9.779,12.148,1.221,2.755,0.689,2.397,0.713
Austria,AUT,2018,41.193,16.961,12.059,9.768,12.254,1.208,2.772,0.695,2.341,0.749
Austria,AUT,2019,41.263,17.11,11.747,9.853,12.236,1.251,2.731,0.659,2.367,0.785
Austria,AUT,2020,39.765,16.137,10.716,8.823,17.693,1.092,2.504,0.498,2.077,0.695
Austria,AUT,2021,39.062,18.028,10.33,8.748,16.808,1.068,2.491,0.57,2.162,0.735
Austria,AUT,2022,40.664,17.714,10.092,8.971,15.218,1.138,2.516,0.599,2.182,0.905
Austria,AUT,2023,40.658,17.339,10.749,9.35,14.035,1.155,2.592,0.741,2.291,1.089
Belgium,BEL,2007,34.602,13.924,17.92,11.363,11.564,2.089,3.45,0.905,2.513,1.67
Belgium,BEL,2008,34.485,14.362,17.16,11.273,11.996,2.089,3.504,0.801,2.443,1.888
Belgium,BEL,2009,35.133,14.318,16.756,11.091,12.377,1.837,3.392,0.698,2.402,1.996
Belgium,BEL,2010,35.013,14.388,16.117,11.19,12.666,1.802,3.367,0.745,2.4,2.311
Belgium,BEL,2011,34.492,13.957,16.065,11.212,13.614,1.709,3.29,0.616,2.349,2.696
Belgium,BEL,2012,34.681,14.045,15.583,11.076,13.815,1.638,3.243,0.731,2.423,2.766
Belgium,BEL,2013,35.745,14.254,15.459,11.348,12.525,1.646,3.273,0.676,2.33,2.744
Belgium,BEL,2014,35.526,14.413,15.324,11.316,13.23,1.573,3.243,0.64,2.295,2.44
Belgium,BEL,2015,36.106,14.55,15.02,11.712,12.751,1.541,3.145,0.535,2.272,2.369
Belgium,BEL,2016,36.534,14.283,15.025,11.717,12.597,1.512,3.169,0.579,2.37,2.213
Belgium,BEL,2017,37.126,14.481,13.877,11.949,12.381,1.519,3.224,0.576,2.429,2.437
Belgium,BEL,2018,36.828,14.425,13.818,11.836,12.715,1.444,3.265,0.659,2.549,2.462
Belgium,BEL,2019,37.158,14.409,13.323,11.825,12.847,1.519,3.216,0.681,2.472,2.55
Belgium,BEL,2020,38.387,14.628,12.808,11.157,13.219,1.527,3.033,0.651,2.165,2.426
Belgium,BEL,2021,37.897,15.289,12.715,11.312,12.8,1.602,3.068,0.659,2.189,2.469
Belgium,BEL,2022,38.358,14.884,12.429,11.812,12.088,1.848,3.216,0.693,2.305,2.367
Belgium,BEL,2023,37.656,14.823,12.745,11.869,12.674,1.778,3.19,0.696,2.314,2.255
Bulgaria,BGR,2007,26.84,10.727,19.421,9.528,13.815,3.683,7.427,3.484,1.871,3.205
Bulgaria,BGR,2008,28.745,11.917,13.393,10.653,16.85,3.308,7.146,3.95,2.212,1.827
Bulgaria,BGR,2009,32.784,10.075,18.019,10.364,10.675,3.067,7.196,3.305,1.72,2.794
Bulgaria,BGR,2010,35.599,12.205,10.465,9.89,13.842,4.635,6.921,2.631,1.971,1.841
Bulgaria,BGR,2011,36.008,12.262,11.636,9.737,12.737,3.399,6.932,3.323,1.933,2.032
Bulgaria,BGR,2012,35.899,12.706,10.007,9.66,15.256,3.026,6.475,2.779,2.195,1.997
Bulgaria,BGR,2013,35.72,11.96,9.734,9.76,14.732,3.182,6.928,3.479,2.011,2.495
Bulgaria,BGR,2014,30.839,12.627,9.081,9.428,19.731,3.017,6.502,3.781,3.406,1.589
Bulgaria,BGR,2015,32.166,13.138,9.482,9.69,15.255,3.23,6.917,5.215,2.98,1.926
Bulgaria,BGR,2016,35.4,14.242,10.423,9.764,10.938,3.196,6.568,5.449,2.121,1.898
Bulgaria,BGR,2017,35.239,13.947,9.271,10.144,11.906,3.088,7.1,4.45,2.928,1.927
Bulgaria,BGR,2018,32.357,13.413,9.908,9.541,18.092,3.129,6.635,2.857,2.175,1.893
Bulgaria,BGR,2019,31.543,12.735,9.84,10.483,17.768,3.266,7.309,3.351,1.849,1.856
Bulgaria,BGR,2020,31.483,14.077,8.932,9.456,20.389,3.577,6.541,1.82,2.054,1.672
Bulgaria,BGR,2021,31.115,14.027,11.881,10.363,15.837,3.916,6.499,2.296,2.224,1.842
Bulgaria,BGR,2022,32.128,13.489,8.861,9.436,20.719,3.775,6.159,2.143,1.498,1.793
Bulgaria,BGR,2023,35.548,14.179,8.197,10.494,14.801,3.778,6.702,2.587,1.961,1.753
Chile,CHL,2013,30.219,15.855,9.401,16.237,11.059,4.648,7.519,2.822,1.554,0.687
Chile,CHL,2014,29.319,16.03,9.494,16.413,11.22,4.775,7.613,3.021,1.436,0.679
Chile,CHL,2015,28.975,16.812,9.845,16.559,11.078,3.755,7.517,3.222,1.541,0.695
Chile,CHL,2016,27.935,16.953,10.287,17.382,10.743,3.59,7.514,3.199,1.56,0.836
Chile,CHL,2017,27.65,17.971,10.355,17.878,10.407,3.379,7.189,3.027,1.481,0.662
Chile,CHL,2018,26.838,18.74,10.567,18.208,9.246,4.02,7.074,3.256,1.409,0.642
Chile,CHL,2019,27.237,18.802,10.532,18.299,9.722,3.19,6.796,3.258,1.456,0.708
Chile,CHL,2020,33.285,19.089,10.616,15.301,8.267,2.943,5.979,3.046,0.949,0.525
Chile,CHL,2021,45.366,16.552,7.264,11.706,8.474,2.269,4.732,2.411,0.798,0.429
Chile,CHL,2022,29.493,19.881,9.783,14.925,12.619,2.767,5.817,3.014,1.187,0.516
Chile,CHL,2023,30.398,19.506,10.057,15.814,10.019,2.718,5.934,3.292,1.704,0.557
Colombia,COL,2009,28.219,18.042,20.516,10.498,9.1,4.121,5.108,1.325,1.808,1.262
Colombia,COL,2010,27.967,18.905,20.527,10.317,8.34,4.169,5.364,1.331,1.763,1.315
Colombia,COL,2011,28.045,19.086,19.874,10.566,10.178,3.328,4.569,1.292,1.669,1.392
Colombia,COL,2012,26.668,20.563,20.358,9.8,10.404,3.503,4.818,1.273,1.701,0.91
Colombia,COL,2013,26.681,20.739,19.116,10.057,11.046,3.408,4.943,1.22,1.796,0.993
Colombia,COL,2014,26.632,22.022,21.217,9.422,9.243,2.866,4.517,1.226,1.958,0.897
Colombia,COL,2015,27.225,21.95,20.802,9.917,8.171,2.822,4.583,1.273,2.078,1.179
Colombia,COL,2016,27.111,22.23,20.294,10.291,7.916,2.857,5.053,1.239,1.915,1.094
Colombia,COL,2017,26.538,22.586,20.867,10.532,7.635,2.624,5.045,1.197,1.895,1.081
Colombia,COL,2018,26.073,22.243,20.698,10.575,8.391,2.544,5.054,1.423,1.779,1.22
Colombia,COL,2019,26.71,23.316,20.032,10.263,7.349,2.579,5.018,1.567,1.878,1.287
Colombia,COL,2020,27.852,24.053,20.839,9.562,7.19,2.317,4.607,1.341,1.289,0.95
Colombia,COL,2021,25.894,25.791,21.535,9.072,7.233,2.233,4.686,1.248,1.233,1.076
Colombia,COL,2022,23.387,23.312,23.921,8.231,10.887,2.125,4.43,1.316,1.315,1.076
Colombia,COL,2023,25.079,23.401,24.327,7.814,8.555,2.075,4.633,1.393,1.55,1.173
Costa Rica,CRI,2012,24.831,20.437,9.526,23.176,9.869,0,7.485,2.665,0.69,1.321
Costa Rica,CRI,2013,25.418,19.788,10.351,23.019,9.072,0,7.688,2.572,0.858,1.234
Costa Rica,CRI,2014,25.359,19.365,10.417,22.961,9.071,0,8.005,2.634,0.768,1.42
Costa Rica,CRI,2015,25.171,19.29,10.606,23.227,8.957,0,7.952,2.457,0.724,1.618
Costa Rica,CRI,2016,25.606,18.699,10.818,23.2,9.22,0,8.054,2.507,0.675,1.221
Costa Rica,CRI,2017,25.302,17.945,11.248,23.39,10.182,0,7.601,2.329,0.76,1.243
Costa Rica,CRI,2018,25.925,17.091,12.621,23.15,8.996,0,7.973,2.361,0.663,1.22
Costa Rica,CRI,2019,24.69,19.3,11.64,23.893,8.692,0,7.607,2.282,0.639,1.258
Costa Rica,CRI,2020,27.773,19.223,12.047,22.133,7.575,0,7.593,2.014,0.512,1.131
Costa Rica,CRI,2021,26.093,20.775,13.064,21.011,7.807,0,7.613,2.064,0.518,1.055
Croatia,HRV,2007,28.102,13.79,8.766,11.121,20.291,2.775,4.913,4.087,4.398,1.757
Croatia,HRV,2008,28.535,12.718,9.018,10.528,20.752,3.267,4.907,4.213,4.355,1.706
Croatia,HRV,2009,28.982,12.997,9.274,11.149,19.811,2.992,4.876,3.827,4.461,1.631
Croatia,HRV,2010,30.431,13.483,9.202,10.988,18.71,2.803,4.811,3.657,4.28,1.635
Croatia,HRV,2011,29.91,13.043,9.959,10.539,19.428,2.902,4.721,3.551,4.175,1.771
Croatia,HRV,2012,30.904,13.815,10.79,10.879,15.56,3.016,4.827,4.021,4.348,1.841
Croatia,HRV,2013,30.666,13.427,12.173,10.529,16.065,2.759,4.729,3.697,4.083,1.871
Croatia,HRV,2014,31.224,13.335,14.117,10.72,13.964,2.538,4.52,3.72,4.097,1.765
Croatia,HRV,2015,31.861,14.367,13.752,10.441,13.281,2.457,4.74,3.475,3.905,1.721
Croatia,HRV,2016,30.719,14.402,14.35,10.569,13.049,2.413,4.729,4.209,3.664,1.897
Croatia,HRV,2017,31.359,15.266,13.809,10.921,12.547,2.372,4.542,3.735,3.702,1.748
Croatia,HRV,2018,30.796,15.388,12.568,10.578,15.386,2.431,4.516,2.761,3.685,1.89
Croatia,HRV,2019,29.793,15.688,12.277,11.205,15.357,2.271,4.761,2.997,3.807,1.845
Croatia,HRV,2020,29.044,16.251,10.782,10.661,18.496,2.042,4.721,2.721,3.66,1.621
Croatia,HRV,2021,28.885,17.407,10.619,11.184,16.269,2.065,4.956,3.176,3.666,1.774
Croatia,HRV,2022,28.854,17.297,9.439,11.167,17.781,2.24,4.67,3.28,3.583,1.689
Croatia,HRV,2023,27.849,16.816,10.38,11.301,16.69,2.814,4.639,3.501,4.249,1.761
Czechia,CZE,2007,29.806,16.722,11.634,10.188,15.967,2.707,4.742,2.39,3.478,2.367
Czechia,CZE,2008,29.888,16.939,11.571,9.999,16.582,2.503,4.604,2.207,3.483,2.224
Czechia,CZE,2009,30.174,17.555,11.499,9.891,16.685,2.273,4.472,2.254,3.65,1.546
Czechia,CZE,2010,30.914,17.776,11.288,10.008,15.327,2.232,4.447,2.12,3.494,2.393
Czechia,CZE,2011,31.302,17.733,11.296,10.194,14.978,2.042,4.073,2.009,3.275,3.098
Czechia,CZE,2012,30.648,17.262,15.223,9.705,13.86,1.792,3.807,1.559,3.033,3.112
Czechia,CZE,2013,32.43,17.786,12.425,10.062,13.91,1.777,4.046,1.903,3.157,2.504
Czechia,CZE,2014,31.437,17.741,12.413,10.112,14.952,1.626,3.938,1.976,3.184,2.62
Czechia,CZE,2015,30.753,17.99,11.475,9.979,15.77,2.177,4.348,1.573,3.162,2.772
Czechia,CZE,2016,31.952,18.681,11.76,9.437,15.276,1.81,4.341,1.479,3.241,2.024
Czechia,CZE,2017,31.628,18.97,11.093,9.902,14.796,2.055,4.483,1.502,3.356,2.217
Czechia,CZE,2018,30.486,18.456,11.179,10.8,14.59,2.128,4.577,1.901,3.633,2.251
Czechia,CZE,2019,30.49,18.415,10.945,11.271,14.943,2.135,4.607,1.61,3.475,2.109
Czechia,CZE,2020,30.342,19.795,10.146,10.243,16.381,2.157,4.516,1.384,3.048,1.987
Czechia,CZE,2021,29.318,21.166,10.221,10.402,16.218,2.075,4.205,1.35,2.894,2.151
Czechia,CZE,2022,30.93,20.415,10.645,10.581,14.593,2.22,3.983,1.52,3.093,2.019
Czechia,CZE,2023,30.694,20.268,10.387,10.342,14.69,2.727,4.037,1.94,2.993,1.922
Denmark,DNK,2007,42.614,16.225,13.323,11.894,5.987,2.866,1.868,0.658,3.55,1.016
Denmark,DNK,2008,41.996,16.435,13.968,11.998,5.576,2.806,1.931,0.747,3.639,0.903
Denmark,DNK,2009,42.173,16.487,13.789,12.178,5.932,2.457,1.91,0.893,3.4,0.78
Denmark,DNK,2010,43.177,15.901,13.725,12.5,6.012,2.418,1.853,0.453,3.233,0.728
Denmark,DNK,2011,43.186,15.719,14.173,12.012,6.095,2.401,1.883,0.497,3.287,0.746
Denmark,DNK,2012,41.847,15.681,15.459,11.977,6.356,2.422,1.761,0.487,3.251,0.759
Denmark,DNK,2013,43.364,15.979,13.192,12.316,6.359,2.333,1.81,0.5,3.301,0.846
Denmark,DNK,2014,42.936,16.249,12.903,12.9,6.674,2.057,1.828,0.409,3.248,0.796
Denmark,DNK,2015,42.649,16.405,12.899,12.88,6.787,2.038,1.804,0.435,3.329,0.774
Denmark,DNK,2016,43.245,16.82,11.947,12.972,6.385,2.118,1.872,0.476,3.397,0.77
Denmark,DNK,2017,43.395,17.13,11.484,12.701,6.545,2.296,1.843,0.397,3.422,0.787
Denmark,DNK,2018,42.501,17.122,12.383,12.592,6.689,2.321,1.854,0.454,3.3,0.783
Denmark,DNK,2019,42.933,17.529,11.73,12.69,6.377,2.272,1.954,0.401,3.332,0.781
Denmark,DNK,2020,41.49,17.445,11.478,11.653,9.579,2.168,1.868,0.299,3.265,0.755
Denmark,DNK,2021,41.157,18.9,11.412,11.785,8.229,2.379,1.891,0.229,3.29,0.726
Denmark,DNK,2022,41.49,18.4,12.518,11.859,6.699,2.684,1.959,0.324,3.267,0.8
Denmark,DNK,2023,41.644,17.604,12.316,11.813,6.296,3.859,1.999,0.404,3.223,0.842
EU countries in OECD,,2007,38.35,14.2,14.89,10.32,9.91,2.76,3.59,1.7,2.6,1.69
EU countries in OECD,,2008,38.05,14.25,14.98,10.18,10.24,2.75,3.58,1.68,2.61,1.68
EU countries in OECD,,2009,38.79,14.28,14.2,10.03,10.5,2.69,3.56,1.74,2.54,1.67
EU countries in OECD,,2010,38.72,14.17,13.93,10.01,11.32,2.65,3.55,1.49,2.52,1.66
EU countries in OECD,,2011,39.11,14.26,14.56,10.02,10.3,2.6,3.56,1.41,2.48,1.7
EU countries in OECD,,2012,39.3,14.08,14.66,9.78,10.81,2.5,3.48,1.35,2.36,1.68
EU countries in OECD,,2013,39.95,14.13,14.5,9.81,10.27,2.47,3.52,1.27,2.36,1.72
EU countries in OECD,,2014,40.26,14.35,14.07,9.9,10.24,2.36,3.51,1.24,2.37,1.69
EU countries in OECD,,2015,40.48,14.44,13.43,9.94,10.49,2.43,3.55,1.2,2.35,1.68
EU countries in OECD,,2016,41.33,14.56,13.09,9.91,9.84,2.55,3.58,1.12,2.41,1.6
EU countries in OECD,,2017,41.17,14.63,12.72,9.94,10.24,2.58,3.57,1.1,2.46,1.6
EU countries in OECD,,2018,40.93,14.71,12.58,10.03,10.25,2.58,3.6,1.16,2.51,1.65
EU countries in OECD,,2019,41.21,14.81,12.33,9.97,10.1,2.57,3.62,1.19,2.54,1.67
EU countries in OECD,,2020,41.06,14.91,11.39,9.28,12.42,2.45,3.44,1.15,2.32,1.57
EU countries in OECD,,2021,39.56,15.53,11.46,9.32,12.8,2.42,3.39,1.65,2.31,1.55
EU countries in OECD,,2022,39.28,15.22,11.97,9.38,12.2,2.55,3.44,2,2.34,1.61
EU countries in OECD,,2023,39.22,14.71,12.08,9.53,11.82,2.71,3.45,2.4,2.39,1.68
Estonia,EST,2007,26.658,13.01,9.896,16.956,13.185,3.709,6.26,1.715,6.084,2.526
Estonia,EST,2008,28.493,13.273,8.009,16.397,12.674,4.287,6.725,1.462,5.961,2.719
Estonia,EST,2009,32.58,12.857,8.16,15.222,14.132,4.838,5.095,0.104,5.343,1.672
Estonia,EST,2010,33.897,13.936,8.117,16.013,12.47,4.275,5.359,1.167,5.401,-0.635
Estonia,EST,2011,32.418,13.86,9.04,16.112,12.847,4.006,5.452,1.442,5.282,-0.456
Estonia,EST,2012,30.214,13.173,10.054,15.413,12.886,4.594,5.109,1.659,4.694,2.206
Estonia,EST,2013,29.974,13.484,10.22,15.23,12.891,4.724,4.818,1.546,5.393,1.721
Estonia,EST,2014,30.153,13.911,10.192,14.48,13.066,4.686,5.031,1.344,5.328,1.81
Estonia,EST,2015,31.191,14.201,10.114,14.811,12.819,4.716,4.447,0.895,4.994,1.813
Estonia,EST,2016,32.263,13.611,10.007,14.256,11.543,5.959,4.818,0.862,5.191,1.492
Estonia,EST,2017,31.771,13.231,9.739,14.34,12.822,5.139,4.794,0.9,5.41,1.855
Estonia,EST,2018,32.283,13.74,9.828,15.672,10.934,5.162,4.69,0.843,4.961,1.884
Estonia,EST,2019,32.53,14.172,8.886,15.246,11.641,5.276,4.487,1.016,5.064,1.682
Estonia,EST,2020,32.385,14.445,8.83,14.118,13.78,5.284,4.336,0.891,4.45,1.479
Estonia,EST,2021,31.609,15.41,9.305,13.964,13.238,4.832,4.333,1.097,4.89,1.322
Estonia,EST,2022,31.422,14.813,9.31,14.323,13.186,5.43,4.43,1.129,4.653,1.303
Estonia,EST,2023,31.289,15.071,9.608,14.522,11.387,6.349,4.312,1.099,4.702,1.66
Finland,FIN,2007,40.879,13.882,14.287,12.385,9.5,2.902,2.535,0.696,2.249,0.685
Finland,FIN,2008,40.295,13.993,14.542,12.159,9.685,3,2.597,0.832,2.258,0.639
Finland,FIN,2009,41.645,13.693,14.287,11.981,9.158,2.933,2.578,0.904,2.191,0.63
Finland,FIN,2010,41.82,13.566,14.306,12.104,8.985,2.858,2.686,0.901,2.26,0.512
Finland,FIN,2011,41.807,13.701,15.001,11.954,8.88,2.552,2.49,0.946,2.219,0.451
Finland,FIN,2012,42.471,13.89,14.843,11.53,8.762,2.681,2.45,0.778,2.15,0.444
Finland,FIN,2013,43.24,13.764,14.652,11.189,8.475,2.571,2.37,0.696,2.594,0.449
Finland,FIN,2014,43.983,13.625,14.502,11.058,8.54,2.414,2.241,0.685,2.513,0.439
Finland,FIN,2015,45.691,13.09,12.96,11.414,8.454,2.356,2.225,0.724,2.665,0.422
Finland,FIN,2016,46.754,13.103,12.43,11.33,8.133,2.429,2.156,0.561,2.693,0.412
Finland,FIN,2017,46.944,13.364,12.265,10.996,8.102,2.37,2.143,0.607,2.829,0.38
Finland,FIN,2018,46.556,13.572,12.697,10.93,7.953,2.278,2.117,0.569,2.954,0.374
Finland,FIN,2019,46.226,13.706,12.6,11.126,7.987,2.231,2.242,0.602,2.911,0.369
Finland,FIN,2020,45.719,13.698,12.249,10.839,9.21,2.489,2.064,0.576,2.752,0.405
Finland,FIN,2021,45.424,14.221,12.166,10.758,9.203,2.182,2.118,0.726,2.781,0.421
Finland,FIN,2022,45.287,14.332,12.416,11.001,8.538,2.312,2.197,0.762,2.727,0.428
Finland,FIN,2023,45.987,13.575,11.857,11.325,8.199,2.572,2.222,0.85,3.024,0.389
France,FRA,2007,41.218,14.197,13.652,10.091,8.218,3.298,2.776,2.193,2.702,1.654
France,FRA,2008,40.992,13.977,13.522,10.108,8.619,3.232,2.887,2.281,2.705,1.676
France,FRA,2009,41.477,13.92,12.788,9.919,8.681,3.302,2.908,2.566,2.702,1.736
France,FRA,2010,41.62,14.027,12.185,9.92,9.056,3.28,2.958,2.467,2.739,1.747
France,FRA,2011,42.103,14.092,12.315,9.735,8.689,3.17,2.908,2.485,2.742,1.761
France,FRA,2012,42.316,14.017,12.201,9.611,9.044,3.146,2.846,2.318,2.741,1.761
France,FRA,2013,42.735,14.084,12.001,9.598,8.833,3.097,2.851,2.223,2.792,1.787
France,FRA,2014,42.83,14.313,11.496,9.594,9.389,2.942,2.854,2.099,2.694,1.788
France,FRA,2015,42.861,14.224,11.058,9.589,10.058,3.083,2.857,1.974,2.527,1.769
France,FRA,2016,43.118,14.334,10.847,9.54,9.848,3.374,2.874,1.914,2.484,1.667
France,FRA,2017,42.783,14.356,10.906,9.546,10.411,3.141,2.891,1.813,2.499,1.655
France,FRA,2018,42.957,14.425,10.486,9.564,10.379,3.161,2.917,1.859,2.519,1.731
France,FRA,2019,43.28,14.717,10.873,9.095,9.577,3.124,2.987,2.004,2.633,1.709
France,FRA,2020,44.185,14.542,9.885,8.397,11.26,3.034,2.882,1.857,2.368,1.59
France,FRA,2021,41.779,15.739,10.272,8.521,11.828,2.909,2.868,2.013,2.424,1.648
France,FRA,2022,40.843,15.57,11.173,8.635,11.483,3.079,2.938,2.047,2.481,1.751
France,FRA,2023,40.942,15.553,10.886,8.781,10.991,3.204,3.034,2.241,2.578,1.791
Germany,DEU,2007,42.6,14.347,13.924,8.911,9.405,2.061,3.325,1.812,2.459,1.156
Germany,DEU,2008,41.614,14.336,14.76,8.786,9.949,2.084,3.277,1.6,2.471,1.123
Germany,DEU,2009,42.05,14.489,13.943,8.859,10.3,2.144,3.266,1.36,2.415,1.174
Germany,DEU,2010,40.823,14.246,13.886,8.989,12.091,2.127,3.178,1.194,2.351,1.116
Germany,DEU,2011,40.899,14.741,14.759,9.36,10.019,2.226,3.285,1.109,2.376,1.226
Germany,DEU,2012,41.039,14.871,14.718,9.213,9.961,2.327,3.332,0.987,2.308,1.242
Germany,DEU,2013,41.149,15.322,14.28,9.358,9.847,2.208,3.394,0.922,2.264,1.256
Germany,DEU,2014,41.355,15.715,13.845,9.404,9.812,2.033,3.413,0.873,2.3,1.25
Germany,DEU,2015,42.059,15.823,13.178,9.348,9.846,2.061,3.372,0.842,2.256,1.216
Germany,DEU,2016,42.77,15.767,12.762,9.202,9.804,2.077,3.38,0.821,2.205,1.214
Germany,DEU,2017,42.726,15.672,12.743,9.199,9.825,2.18,3.404,0.826,2.226,1.197
Germany,DEU,2018,42.272,15.741,12.469,9.358,10.002,2.322,3.473,0.871,2.231,1.262
Germany,DEU,2019,42.207,15.707,12.41,9.428,10.061,2.265,3.49,0.904,2.248,1.279
Germany,DEU,2020,41.86,16.297,11.696,8.937,11.445,2.143,3.295,0.962,2.114,1.251
Germany,DEU,2021,40.41,16.813,11.817,8.822,12.855,2.044,3.278,0.846,2.025,1.09
Germany,DEU,2022,40.793,17.064,12.099,8.965,11.576,2.094,3.279,1.004,2.02,1.106
Germany,DEU,2023,40.617,15.56,12.689,9.25,12.048,2.29,3.325,0.946,2.075,1.202
Greece,GRC,2007,33.378,12.772,24.721,7.63,8.915,5.876,3.175,0.464,1.383,1.686
Greece,GRC,2008,33.517,12.702,22.478,7.42,11.038,5.885,3.12,0.506,1.547,1.787
Greece,GRC,2009,34.471,12.598,22.352,7.636,9.808,6.136,3.298,0.688,1.389,1.625
Greece,GRC,2010,35.813,13.065,23.275,7.819,8.435,5.113,3.4,0.376,1.231,1.473
Greece,GRC,2011,37.341,11.983,23.747,8.194,7.895,4.422,3.201,0.343,1.314,1.561
Greece,GRC,2012,37.357,10.542,19.49,8.016,13.382,4.281,3.286,0.4,1.304,1.943
Greece,GRC,2013,31.121,8.536,15.644,7.109,26.908,3.41,2.965,0.464,1.153,2.689
Greece,GRC,2014,39.863,9.364,19.612,8.446,8.371,5.246,4.15,0.57,1.487,2.89
Greece,GRC,2015,37.498,9.146,18.49,7.615,14.125,4.626,3.846,0.463,1.485,2.705
Greece,GRC,2016,41.218,10.606,17.717,7.986,8.735,4.224,4.324,0.487,1.706,2.998
Greece,GRC,2017,41.189,11.239,17.471,7.989,7.306,5.206,4.413,0.458,1.85,2.879
Greece,GRC,2018,40.611,11.397,17.329,8.378,7.682,4.637,4.662,0.506,1.972,2.828
Greece,GRC,2019,41.152,11.946,16.372,8.285,8.509,4.112,4.361,0.467,1.952,2.844
Greece,GRC,2020,37.593,11.17,13.919,7.498,16.539,4.272,3.977,0.474,1.835,2.722
Greece,GRC,2021,35.832,11.558,13.621,7.106,18.756,4.812,3.825,0.475,1.924,2.091
Greece,GRC,2022,35.58,11.313,13.418,7.846,18.656,4.907,3.774,0.604,1.993,1.908
Greece,GRC,2023,37.342,11.702,16.548,7.993,11.899,4.516,3.918,0.775,2.203,3.103
Hungary,HUN,2007,34.465,9.887,19.067,11.046,13.059,2.531,3.918,1.832,2.984,1.212
Hungary,HUN,2008,35.635,10.033,19.429,10.856,11.898,2.09,4.047,1.694,3.004,1.314
Hungary,HUN,2009,35.707,10.327,19.983,10.598,11.567,1.809,3.797,2.274,2.764,1.173
Hungary,HUN,2010,35.284,10.182,19.06,11.219,11.982,2.404,3.725,1.344,3.617,1.184
Hungary,HUN,2011,34.354,10.34,18.132,10.284,14.361,2.141,3.837,1.559,3.552,1.44
Hungary,HUN,2012,33.753,10.355,19.395,9.516,14.571,1.475,3.893,1.725,3.916,1.401
Hungary,HUN,2013,32.762,10.006,20.326,9.408,15.199,1.342,4.03,1.509,3.606,1.811
Hungary,HUN,2014,30.562,9.576,19.549,10.387,16.902,1.169,3.749,1.783,4.014,2.31
Hungary,HUN,2015,28.924,10.215,17.762,10.319,18.87,1.33,3.959,2.049,4.21,2.361
Hungary,HUN,2016,30.342,10.077,17.45,10.6,15.572,1.663,4.848,1.429,6.961,1.059
Hungary,HUN,2017,29.317,10.025,16.796,10.831,15.731,2.301,4.9,1.545,7.153,1.402
Hungary,HUN,2018,28.396,10.082,17.754,10.865,16.483,2.01,4.802,1.463,6.783,1.361
Hungary,HUN,2019,27.447,9.83,17.59,10.173,18.471,2.216,4.604,1.611,6.5,1.558
Hungary,HUN,2020,26.214,12.385,15.681,9.256,19.293,2.121,4.144,1.828,7.605,1.473
Hungary,HUN,2021,26.98,11.698,16.473,10.303,19.117,2.285,3.784,1.669,6.204,1.487
Hungary,HUN,2022,26.81,9.082,16.842,10.333,21.486,2.847,3.998,1.659,5.647,1.296
Hungary,HUN,2023,24.88,8.231,20.731,10.64,18.633,3.798,3.426,3.283,5.207,1.171
Iceland,ISL,2007,17.997,16.703,22.372,16.613,12.748,0.13,3.068,0.972,8.045,1.352
Iceland,ISL,2008,13.923,11.689,24.05,11.858,28.866,0.088,2.067,0.754,5.714,0.99
Iceland,ISL,2009,19.987,14.397,28.909,14.123,10.987,0.075,2.797,0.87,6.69,1.165
Iceland,ISL,2010,21.243,14.817,24.182,14.714,13.445,0.091,2.502,0.782,7.011,1.213
Iceland,ISL,2011,21.348,14.03,24.761,14.099,11.017,0.073,3.181,1.373,8.999,1.117
Iceland,ISL,2012,21.55,14.996,26.852,14.593,9.855,0.039,2.909,1.702,6.292,1.212
Iceland,ISL,2013,21.377,15.525,25.898,14.839,10.293,0.058,3.004,1.069,6.822,1.115
Iceland,ISL,2014,21.362,15.914,21.999,15.158,13.475,0.043,3.165,1.079,6.459,1.345
Iceland,ISL,2015,20.945,16.557,22.342,15.647,11.439,0.038,3.449,1.189,7.12,1.276
Iceland,ISL,2016,28.312,15.844,19.022,14.427,10.506,0.043,2.893,1.399,6.363,1.191
Iceland,ISL,2017,21.798,17.012,22.055,15.751,10.42,0.13,3.302,1.41,6.73,1.391
Iceland,ISL,2018,22.434,17.683,18.06,15.958,12.372,0.047,3.296,1.455,7.176,1.519
Iceland,ISL,2019,24.465,18.028,16.726,16.062,11.184,0.168,3.387,1.381,7.136,1.462
Iceland,ISL,2020,27.25,16.947,14.728,15.847,12.264,0.163,3.128,1.291,6.812,1.569
Iceland,ISL,2021,26.609,18.091,14.997,15.443,12.032,0.166,3.327,1.247,6.58,1.509
Iceland,ISL,2022,23.284,18.111,19.671,14.95,11.135,0.211,3.254,1.148,6.64,1.597
Iceland,ISL,2023,23.862,18.014,19.382,14.825,10.807,0.141,3.44,1.379,6.526,1.625
Ireland,IRL,2007,35.922,17.484,9.489,12.138,10.118,1.061,4.254,4.792,1.901,2.842
Ireland,IRL,2008,36.417,16.653,9.195,11.326,12.68,1.068,4.183,3.93,1.973,2.575
Ireland,IRL,2009,37.782,16.807,9.881,10.101,13.806,0.89,3.729,2.743,2.014,2.247
Ireland,IRL,2010,26.947,11.512,7.997,7.124,38.634,0.548,2.581,1.848,1.334,1.474
Ireland,IRL,2011,33.849,16.81,12.382,11.128,16.08,0.916,3.563,1.806,1.878,1.587
Ireland,IRL,2012,37.199,18.025,15.335,11.885,7.625,0.946,3.613,1.739,1.961,1.67
Ireland,IRL,2013,36.91,17.957,16.248,11.581,7.651,0.943,3.611,1.713,1.958,1.428
Ireland,IRL,2014,35.931,17.933,15.798,12.057,8.102,1.037,3.627,1.952,2.02,1.541
Ireland,IRL,2015,34.912,17.875,14.635,11.771,10.586,1.029,3.655,1.942,2.03,1.567
Ireland,IRL,2016,35.369,18.582,14.361,12.307,8.797,1.083,3.841,1.892,2.162,1.607
Ireland,IRL,2017,35.809,19.015,13.521,12.678,8.498,1.031,3.913,1.888,2.082,1.565
Ireland,IRL,2018,34.834,19.081,13.099,12.523,9.391,1.128,3.931,2.258,2.194,1.561
Ireland,IRL,2019,35.736,19.58,11.865,13.139,9.294,0.971,3.605,2.286,2.156,1.369
Ireland,IRL,2020,36.069,20.198,9.798,11.812,12.749,0.895,3.236,2.198,1.863,1.181
Ireland,IRL,2021,34.817,21.434,9.894,11.702,12.954,0.835,3.242,1.98,1.918,1.224
Ireland,IRL,2022,35.478,22.607,9.649,12.276,9.88,0.862,3.484,2.354,2.045,1.365
Ireland,IRL,2023,35.512,22.752,9.767,12.25,9.01,1.071,3.503,2.516,2.023,1.596
Israel,ISR,2007,24.883,11.597,17.075,15.233,6.003,15.959,3.637,0.925,3.279,1.409
Israel,ISR,2008,24.408,11.344,18.331,15.287,6.201,15.678,3.646,0.581,3.086,1.437
Israel,ISR,2009,25.893,11.436,17.105,15.287,6.762,14.774,3.716,0.449,3.281,1.297
Israel,ISR,2010,26.402,12.103,15.109,16.115,6.146,15.053,3.861,0.086,3.64,1.483
Israel,ISR,2011,26.06,12.101,15.067,16.139,6.931,14.772,3.85,-0.063,3.72,1.424
Israel,ISR,2012,26.752,12.45,13.883,16.963,6.091,13.949,3.957,0.684,3.857,1.413
Israel,ISR,2013,26.233,12.324,13.88,16.956,6.995,14.369,3.997,0.275,3.56,1.41
Israel,ISR,2014,26.654,12.992,11.532,17.51,6.73,15.142,4.023,0.394,3.58,1.444
Israel,ISR,2015,27.437,13.21,10.818,17.725,6.778,15.11,4.056,-0.22,3.612,1.475
Israel,ISR,2016,27.017,13.409,10.892,17.656,6.665,14.645,4.013,0.64,3.646,1.417
Israel,ISR,2017,27.713,13.472,10.912,17.86,6.68,13.744,4.155,-0.049,4.122,1.389
Israel,ISR,2018,27.155,13.258,11.184,17.779,7.044,13.634,4.132,0.427,4.03,1.357
Israel,ISR,2019,27.834,13.419,10.581,17.753,7.198,13.228,4.146,0.487,3.968,1.385
Israel,ISR,2020,28.362,13.471,8.76,15.433,14.032,11.49,3.651,0.577,2.968,1.255
Israel,ISR,2021,27.61,14.261,11.395,16.272,11.825,12.384,3.643,-1.956,3.255,1.31
Israel,ISR,2022,28.381,13.885,13.986,17.315,7.265,12.643,3.856,-2.326,3.631,1.365
Israel,ISR,2023,28.199,13.007,11.838,16.22,7.328,15.164,3.689,-0.417,3.587,1.384
Italy,ITA,2007,37.211,14.244,19.622,9.577,8.477,2.558,3.867,1.229,1.511,1.704
Italy,ITA,2008,37.53,14.597,19.959,9.062,8.037,2.732,3.675,1.198,1.456,1.753
Italy,ITA,2009,38.56,14.484,18.074,8.965,8.805,2.922,3.816,1.221,1.43,1.722
Italy,ITA,2010,39.487,14.784,17.906,8.824,8.022,2.754,3.862,1.29,1.32,1.752
Italy,ITA,2011,39.76,14.397,18.484,8.379,8.079,2.776,3.907,1.118,1.295,1.804
Italy,ITA,2012,40.003,13.974,19,8.085,8.558,2.531,3.716,1.175,1.207,1.753
Italy,ITA,2013,40.903,13.844,18.556,8.094,8.283,2.397,3.717,1,1.306,1.9
Italy,ITA,2014,41.465,13.893,17.641,8.054,8.949,2.329,3.654,0.902,1.281,1.83
Italy,ITA,2015,42.178,13.854,16.385,8.04,9.388,2.36,3.684,0.901,1.361,1.85
Italy,ITA,2016,42.375,13.953,16.432,8.061,8.552,2.641,3.699,0.829,1.587,1.87
Italy,ITA,2017,42.231,13.86,15.813,8.126,9.465,2.622,3.723,0.789,1.564,1.806
Italy,ITA,2018,42.643,13.914,15.894,8.184,8.746,2.56,3.784,0.845,1.646,1.785
Italy,ITA,2019,43.374,13.859,15.13,8.169,8.69,2.64,3.768,0.844,1.65,1.875
Italy,ITA,2020,43.98,13.74,14.116,7.607,10.421,2.397,3.534,1.025,1.473,1.707
Italy,ITA,2021,40.327,13.165,13.73,7.474,11.964,2.421,3.283,4.36,1.573,1.703
Italy,ITA,2022,38.978,12.478,14.841,7.295,11.806,2.19,3.207,6.014,1.532,1.66
Italy,ITA,2023,39.271,12.078,13.786,7.299,10.839,2.236,3.199,8.094,1.532,1.666
Japan,JPN,2007,38.091,17.548,12.447,9.863,9.793,2.456,3.442,2.205,0.96,3.196
Japan,JPN,2008,38.166,17.401,12.166,9.561,11.045,2.386,3.303,2.03,0.903,3.041
Japan,JPN,2009,38.893,17.464,11.474,9.371,10.794,2.333,3.206,2.175,0.897,3.393
Japan,JPN,2010,40.251,18.204,11.589,9.21,9.648,2.216,3.089,2.001,0.879,2.913
Japan,JPN,2011,40.723,18.508,10.936,8.968,9.988,2.182,3.142,1.758,0.847,2.948
Japan,JPN,2012,40.923,18.867,10.657,8.936,10.114,2.265,3.118,1.585,0.841,2.694
Japan,JPN,2013,40.443,18.875,10.691,8.896,10.376,2.238,3.094,1.785,0.875,2.728
Japan,JPN,2014,40.499,19.091,10.533,8.978,9.659,2.327,3.225,1.846,0.936,2.906
Japan,JPN,2015,40.747,19.475,10.477,8.81,9.431,2.3,3.204,1.7,0.944,2.911
Japan,JPN,2016,41.425,19.398,10.217,8.63,9.306,2.149,3.176,1.733,0.966,2.999
Japan,JPN,2017,41.582,19.642,9.824,8.572,9.289,2.368,3.118,1.661,0.977,2.967
Japan,JPN,2018,41.416,19.717,9.781,8.555,9.413,2.372,3.179,1.656,1.003,2.909
Japan,JPN,2019,41.324,19.815,9.594,8.577,9.543,2.366,3.203,1.61,1.083,2.884
Japan,JPN,2020,37.732,18.164,8.151,7.632,18.617,1.944,2.74,1.466,0.872,2.682
Japan,JPN,2021,40.36,20.616,8.495,7.781,12.632,2.3,2.772,1.415,1.035,2.594
Japan,JPN,2022,39.348,21.372,8.75,7.88,12.693,2.166,2.811,1.463,0.92,2.596
Japan,JPN,2023,39.914,20.123,8.947,8.037,12.098,2.831,2.89,1.431,0.947,2.781
Latvia,LVA,2007,22.891,11.614,11.564,15.924,15.92,4.056,7.112,3.518,4.869,2.531
Latvia,LVA,2008,23.463,11.236,10.046,16.435,19.393,3.806,5.639,3.119,4.717,2.145
Latvia,LVA,2009,30.724,9.999,11.028,14.694,20.019,2.608,4.528,2.329,3.786,0.285
Latvia,LVA,2010,30.691,8.849,10.45,13.43,22.741,2.283,4.173,3.198,3.54,0.646
Latvia,LVA,2011,29.645,10.031,11.424,14.222,18.831,2.396,4.451,3.123,4.223,1.655
Latvia,LVA,2012,29.218,10.015,12.41,14.723,17.75,2.31,4.619,3.162,3.922,1.872
Latvia,LVA,2013,29.906,9.523,12.628,14.917,16.699,2.351,4.998,3.157,4.092,1.729
Latvia,LVA,2014,29.22,9.768,12.701,15.162,16.751,2.3,5.173,2.845,4.336,1.745
Latvia,LVA,2015,30.303,9.641,12.955,15.197,15.796,2.628,5.121,2.515,4.138,1.706
Latvia,LVA,2016,31.307,9.83,11.485,14.78,15.005,4.316,5.679,2.361,3.822,1.416
Latvia,LVA,2017,30.417,9.201,10.818,15.122,15.292,4.334,6.109,2.864,4.42,1.424
Latvia,LVA,2018,29.36,10.225,10.5,14.824,15.623,5.363,5.595,2.854,4.184,1.472
Latvia,LVA,2019,31.325,10.896,10.588,14.977,13.421,4.953,5.835,2.684,3.81,1.511
Latvia,LVA,2020,30.689,10.935,9.145,13.523,17.489,5.751,5.212,2.686,3.243,1.327
Latvia,LVA,2021,29.967,14.019,8.667,12.738,17.696,5.341,4.884,2.225,3.211,1.253
Latvia,LVA,2022,31.675,12.752,8.07,12.797,18.265,5.415,4.798,1.998,3.155,1.076
Latvia,LVA,2023,30.976,12.111,8.89,13.955,14.736,7.157,5.923,2.11,3.002,1.14
Lithuania,LTU,2007,32.548,12.974,12.324,14.101,12.11,5.024,4.667,0.836,2.924,2.494
Lithuania,LTU,2008,33.871,13.003,11.362,15.031,12.366,3.451,4.784,0.986,2.94,2.205
Lithuania,LTU,2009,39.613,12.306,10.933,14.974,8.82,2.82,4.094,1.088,2.716,2.638
Lithuania,LTU,2010,37.399,12.677,12.052,13.926,10.908,2.568,4.315,0.753,2.247,3.155
Lithuania,LTU,2011,35.25,13.032,13.004,14.032,12.624,2.417,4.643,0.696,2.392,1.91
Lithuania,LTU,2012,36.491,12.812,13.086,14.879,10.059,2.567,4.83,0.688,2.243,2.345
Lithuania,LTU,2013,35.098,12.705,13.538,14.734,12.28,2.568,4.57,0.708,2.298,1.501
Lithuania,LTU,2014,36.062,12.722,13.686,14.45,10.331,2.734,4.738,0.965,2.566,1.747
Lithuania,LTU,2015,34.731,13.352,12.799,14.373,11.28,3.563,4.592,0.902,2.666,1.742
Lithuania,LTU,2016,35.639,13.818,12.541,13.889,9.978,4.297,4.26,1.064,2.968,1.546
Lithuania,LTU,2017,36.806,13.725,11.144,13.614,9.487,4.868,4.405,1.272,3.217,1.463
Lithuania,LTU,2018,38.431,14.046,9.936,13.299,9.085,5.051,4.024,1.459,3.227,1.44
Lithuania,LTU,2019,38.523,14.547,9.723,13.247,8.968,4.721,3.997,1.397,3.36,1.517
Lithuania,LTU,2020,37.394,13.849,8.039,12.143,13.648,5.331,3.546,1.482,3.315,1.252
Lithuania,LTU,2021,38.083,15.649,7.987,12.672,11.07,4.887,3.406,1.646,3.179,1.421
Lithuania,LTU,2022,37.333,14.242,7.774,13.439,11.454,5.777,3.388,1.713,3.356,1.524
Lithuania,LTU,2023,37.5,14.132,9.175,13.769,8.778,6.766,3.303,1.798,3.309,1.47
Luxembourg,LUX,2007,40.283,12.573,12.379,11.426,13.658,0.633,2.371,1.477,3.307,1.893
Luxembourg,LUX,2008,40.863,12.491,12.842,11.41,12.838,0.668,2.374,1.581,2.98,1.953
Luxembourg,LUX,2009,41.427,12.37,11.985,11.4,12.962,0.699,2.287,1.837,2.981,2.052
Luxembourg,LUX,2010,40.803,11.841,12.444,11.928,12.974,1.19,2.368,1.821,2.741,1.89
Luxembourg,LUX,2011,41.064,11.865,12.921,12.023,12.564,0.975,2.384,1.758,2.594,1.851
Luxembourg,LUX,2012,41.284,12.041,13.009,12.126,12.119,0.852,2.31,1.759,2.646,1.855
Luxembourg,LUX,2013,42.893,12.641,12.034,11.351,11.866,0.798,2.383,1.2,2.914,1.919
Luxembourg,LUX,2014,43.072,12.467,11.577,11.242,12.42,0.718,2.4,1.361,2.821,1.923
Luxembourg,LUX,2015,43.312,12.157,11.729,11.067,12.79,0.645,2.429,1.239,2.7,1.932
Luxembourg,LUX,2016,42.816,11.905,12.192,10.862,13.104,0.78,2.435,1.25,2.881,1.776
Luxembourg,LUX,2017,42.77,12.086,11.88,10.757,13.09,0.815,2.479,1.244,2.9,1.978
Luxembourg,LUX,2018,42.191,12.104,12.417,11.055,12.219,0.975,2.616,1.339,2.991,2.094
Luxembourg,LUX,2019,42.501,12.028,12.031,11.165,12.191,0.882,2.843,1.328,2.955,2.076
Luxembourg,LUX,2020,43.887,12.312,10.934,10.623,12.282,1.537,2.725,0.892,2.591,2.216
Luxembourg,LUX,2021,42.998,12.654,10.841,11.006,12.66,1.077,2.816,1.05,2.728,2.17
Luxembourg,LUX,2022,43.636,12.226,10.867,10.737,12.445,1.222,2.787,1.034,2.807,2.24
Luxembourg,LUX,2023,42.274,11.662,11.798,10.745,13.132,1.154,2.839,1.295,2.751,2.351
Netherlands,NLD,2007,34.183,15.435,12.696,11.836,11.095,2.926,4.166,1.089,3.009,3.564
Netherlands,NLD,2008,34.127,14.708,13.004,11.878,11.451,2.803,4.104,1.258,3.169,3.5
Netherlands,NLD,2009,34.568,15.179,11.227,11.548,12.351,2.797,4.101,1.537,3.156,3.535
Netherlands,NLD,2010,35.119,15.777,11.577,11.459,11.833,2.588,3.935,1.371,3.048,3.293
Netherlands,NLD,2011,35.837,16.352,11.223,11.386,11.344,2.585,3.918,1.124,2.963,3.268
Netherlands,NLD,2012,36.361,16.923,10.779,11.494,10.784,2.396,3.984,1.225,2.856,3.198
Netherlands,NLD,2013,37.023,16.768,10.714,11.236,10.547,2.374,4.084,1.248,2.771,3.234
Netherlands,NLD,2014,37.331,16.862,11.117,11.383,10.239,2.308,3.957,1.15,2.617,3.035
Netherlands,NLD,2015,38.015,16.834,10.627,11.47,9.711,2.433,4.11,1.092,2.751,2.956
Netherlands,NLD,2016,38.881,16.25,9.59,11.821,9.884,2.479,4.202,0.968,2.785,3.142
Netherlands,NLD,2017,38.72,16.761,9.479,11.788,9.79,2.567,4.096,0.876,2.794,3.129
Netherlands,NLD,2018,38.136,17.024,9.345,11.714,9.881,2.593,4.223,1.023,2.863,3.198
Netherlands,NLD,2019,38.12,17.139,9.144,11.604,9.765,2.906,4.273,1.108,2.754,3.188
Netherlands,NLD,2020,36.214,16.989,8.717,10.692,13.893,2.772,4.104,0.979,2.572,3.068
Netherlands,NLD,2021,35.802,18.021,8.309,10.803,13.505,2.732,4.126,1.1,2.544,3.06
Netherlands,NLD,2022,36.323,16.596,8.421,11.245,13.024,2.983,4.167,1.441,2.595,3.204
Netherlands,NLD,2023,37.59,16.245,8.282,11.337,11.844,3.112,4.224,1.363,2.586,3.416
Norway,NOR,2007,37.03,16.475,14.085,11.638,9.174,3.729,2.025,1.27,3.231,1.342
Norway,NOR,2008,37.483,16.198,13.015,11.521,9.794,3.696,2.025,1.344,3.373,1.552
Norway,NOR,2009,38.355,16.059,11.451,11.647,10.247,3.509,2.056,1.342,3.572,1.762
Norway,NOR,2010,38.862,16.196,10.965,11.589,10.386,3.227,2.086,1.365,3.494,1.828
Norway,NOR,2011,39.329,16.164,10.58,11.356,10.342,3.443,2.096,1.371,3.504,1.815
Norway,NOR,2012,39.857,16.471,10.037,11.28,10.531,3.136,2.125,1.344,3.441,1.778
Norway,NOR,2013,39.729,16.594,9.784,11.05,10.873,3.074,2.219,1.421,3.452,1.803
Norway,NOR,2014,39.359,16.718,9.687,11.078,11.147,3.125,2.213,1.492,3.381,1.799
Norway,NOR,2015,39.632,16.712,9.612,11.095,11.007,3.126,2.177,1.535,3.306,1.798
Norway,NOR,2016,39.838,16.711,9.202,10.968,11.124,3.069,2.268,1.626,3.384,1.809
Norway,NOR,2017,39.445,16.661,9.09,11.053,11.232,3.375,2.295,1.569,3.489,1.789
Norway,NOR,2018,38.94,16.762,9.082,11.05,11.385,3.511,2.367,1.613,3.486,1.803
Norway,NOR,2019,38.251,16.885,9.289,10.874,11.64,3.689,2.39,1.6,3.573,1.808
Norway,NOR,2020,38.053,16.477,8.735,10.123,14.091,3.478,2.218,1.574,3.41,1.842
Norway,NOR,2021,38.501,17.748,8.606,10.231,12.163,3.563,2.231,1.498,3.513,1.946
Norway,NOR,2022,37.399,17.461,9.111,10.135,12.841,3.698,2.281,1.642,3.351,2.081
Norway,NOR,2023,37.402,17.073,10.759,9.855,11.929,3.824,2.193,1.709,3.217,2.04
OECD countries,,2007,29.77,16.89,14.79,13.12,9.99,5.99,4.5,1.87,1.78,1.31
OECD countries,,2008,30.12,16.69,14.35,12.82,10.65,6.1,4.42,1.83,1.76,1.26
OECD countries,,2009,30.71,16.79,13.75,12.57,10.44,6.01,4.31,2.39,1.71,1.31
OECD countries,,2010,31.19,17,13.82,12.54,10.28,6.05,4.25,1.94,1.68,1.25
OECD countries,,2011,31.39,17.24,14.24,12.41,9.84,5.97,4.22,1.75,1.65,1.27
OECD countries,,2012,31.63,17.36,14.26,12.29,10.12,5.75,4.17,1.57,1.6,1.24
OECD countries,,2013,32.17,17.6,14.11,12.4,9.83,5.39,4.19,1.43,1.61,1.28
OECD countries,,2014,32.16,18.15,13.83,12.48,9.7,5.18,4.2,1.41,1.61,1.28
OECD countries,,2015,32.28,18.61,13.35,12.52,9.68,5.08,4.23,1.38,1.61,1.27
OECD countries,,2016,32.54,18.8,13.23,12.46,9.5,5,4.23,1.35,1.65,1.24
OECD countries,,2017,32.35,18.87,13.05,12.45,9.75,5.01,4.22,1.38,1.69,1.23
OECD countries,,2018,32.06,18.99,13.09,12.44,9.78,5.1,4.25,1.36,1.71,1.22
OECD countries,,2019,32.17,19.08,12.89,12.26,9.88,5.16,4.23,1.37,1.74,1.23
OECD countries,,2020,33.37,18.23,11.2,10.81,14.07,4.63,3.81,1.25,1.5,1.13
OECD countries,,2021,33.4,19.03,11.31,10.91,12.71,4.6,3.78,1.63,1.52,1.12
OECD countries,,2022,31.82,19.94,12.88,11.47,10.64,4.76,3.99,1.7,1.6,1.21
OECD countries,,2023,31.08,19.47,13.88,11.36,10.61,4.99,3.97,1.82,1.59,1.22
Poland,POL,2007,36.356,10.453,12.661,13.271,11.533,4.488,5.28,1.814,2.735,1.409
Poland,POL,2008,35.094,11.228,12.043,12.755,12.929,4.34,5.322,1.828,2.98,1.481
Poland,POL,2009,35.787,11.114,12.341,12.019,13.487,3.373,5.301,2.092,2.928,1.559
Poland,POL,2010,35.569,10.842,12.294,12.085,14.018,3.57,5.259,1.704,3.051,1.608
Poland,POL,2011,35.216,10.604,12.68,12.312,13.993,3.587,5.191,1.904,2.949,1.565
Poland,POL,2012,36.298,10.724,13.353,12.486,12.434,3.42,5.24,1.87,2.808,1.367
Poland,POL,2013,37.521,10.853,13.394,12.339,10.935,3.88,5.228,1.731,2.658,1.46
Poland,POL,2014,37.542,10.929,11.899,12.385,12.481,3.467,5.267,1.688,2.884,1.457
Poland,POL,2015,37.673,11.198,11.751,12.651,11.855,3.72,5.312,1.695,2.705,1.441
Poland,POL,2016,40.425,11.253,11.37,12.072,10.694,3.836,5.298,1.458,2.58,1.016
Poland,POL,2017,39.799,11.345,10.716,11.868,11.779,4.105,5.166,1.354,2.924,0.943
Poland,POL,2018,38.96,11.568,10.503,12.027,12.1,3.942,5.072,1.424,3.222,1.182
Poland,POL,2019,39.907,11.675,10.103,11.986,11.6,3.891,5,1.297,3.287,1.254
Poland,POL,2020,37.458,11.116,9.119,10.604,18.445,3.6,4.836,1.004,2.657,1.163
Poland,POL,2021,39.227,13.064,9.393,11.174,13.617,3.575,4.958,1.055,2.657,1.28
Poland,POL,2022,38.569,12.092,10.017,10.492,14.571,3.705,5.324,1.145,2.644,1.441
Poland,POL,2023,35.942,12.191,10.4,10.541,16.033,4.361,4.809,1.472,2.849,1.402
Portugal,PRT,2007,33.472,15.875,16.091,13.199,9.255,2.627,4.073,1.561,2.465,1.382
Portugal,PRT,2008,33.493,15.988,16.771,13.115,8.38,2.592,4.03,1.674,2.522,1.434
Portugal,PRT,2009,34.27,15.945,15.167,12.941,9.434,2.85,4.092,1.631,2.449,1.22
Portugal,PRT,2010,33.511,14.392,14.448,12.951,12.354,3.665,3.844,1.08,2.33,1.426
Portugal,PRT,2011,35.927,13.889,17.746,12.238,9.145,2.473,3.949,0.88,2.331,1.422
Portugal,PRT,2012,37.838,13.541,18.895,11.002,8.231,2.276,3.799,0.937,2.193,1.288
Portugal,PRT,2013,38.977,12.978,18.747,10.942,7.644,2.226,4.103,0.972,2.085,1.326
Portugal,PRT,2014,36.859,12.15,17.643,10.261,13.528,2.032,3.676,0.95,1.752,1.151
Portugal,PRT,2015,38.485,12.76,18.055,10.538,10.228,2.1,3.847,0.987,1.747,1.251
Portugal,PRT,2016,40.422,13.622,18.228,10.64,7.134,1.905,3.979,0.936,1.889,1.245
Portugal,PRT,2017,38.069,13.768,16.636,10.099,11.587,1.912,3.757,0.971,1.867,1.333
Portugal,PRT,2018,39.325,14.941,16.399,10.259,8.658,1.996,3.954,1.064,2.008,1.394
Portugal,PRT,2019,39.891,15.277,15.322,10.514,8.608,1.924,3.892,1.037,2.056,1.478
Portugal,PRT,2020,38.613,15.119,14.09,9.606,12.64,1.682,3.866,1.058,1.92,1.406
Portugal,PRT,2021,38.312,16.024,13.762,9.914,11.626,1.74,3.708,1.126,2.146,1.642
Portugal,PRT,2022,39.815,16.178,12.663,10.102,10.963,1.72,3.713,1.178,2.046,1.621
Portugal,PRT,2023,39.152,15.872,13.599,10.264,10.284,1.822,3.775,1.267,2.182,1.783
Romania,ROU,2007,26.726,9.715,11.839,10.266,22.436,4.664,6.384,4.022,2.829,1.119
Romania,ROU,2008,29.101,9.676,12.397,11.343,20.681,3.745,5.683,3.316,2.789,1.27
Romania,ROU,2009,32.901,10.104,12.523,9.621,18.991,3.553,5.136,3.272,2.514,1.385
Romania,ROU,2010,34.529,10.307,11.661,8.269,17.925,3.619,5.964,3.217,2.602,1.908
Romania,ROU,2011,32.522,10.219,13.127,10.33,18.102,2.115,5.51,3.068,2.667,2.34
Romania,ROU,2012,32.759,10.198,14.188,7.902,19.025,1.904,5.738,2.966,3.131,2.188
Romania,ROU,2013,32.376,11.313,14.454,7.872,17.476,1.96,6.182,3.281,2.83,2.257
Romania,ROU,2014,32.061,11.28,13.132,8.457,18.114,2.069,5.931,3.582,3.082,2.292
Romania,ROU,2015,31.915,11.715,12.976,8.541,16.522,2.416,6.316,4.142,2.786,2.673
Romania,ROU,2016,33.606,11.751,12.767,9.486,13.899,4.888,5.936,3.447,2.566,1.655
Romania,ROU,2017,34.961,12.983,11.999,8.542,13.093,5.351,5.979,2.592,3.008,1.492
Romania,ROU,2018,33.677,13.437,12.868,9.099,12.223,4.825,6.229,2.635,2.92,2.089
Romania,ROU,2019,32.615,13.782,11.701,9.816,13.516,4.593,6.097,3.041,2.817,2.021
Romania,ROU,2020,32.928,13.135,11.586,8.729,15.337,5.638,5.778,2.761,2.462,1.646
Romania,ROU,2021,33.574,13.631,12.397,8.02,15.096,4.827,5.5,2.87,2.303,1.783
Romania,ROU,2022,33.163,12.159,12.498,8.064,17.412,4.508,5.249,2.972,2.382,1.592
Romania,ROU,2023,31.684,11.703,13.301,8.245,16.093,4.219,6.81,3.621,2.551,1.772
Slovakia,SVK,2007,35.627,17.008,11.186,10.034,11.66,2.257,6.125,1.813,2.262,2.028
Slovakia,SVK,2008,33.614,18.449,11.224,9.962,12.326,2.108,6.166,1.674,2.362,2.116
Slovakia,SVK,2009,33.941,16.672,12.936,10.081,11.945,2.077,6.109,1.799,2.423,2.017
Slovakia,SVK,2010,31.832,18.607,11.364,10.697,11.357,3.081,6.243,1.763,3.2,1.855
Slovakia,SVK,2011,31.526,17.746,12.803,9.49,14.478,2.786,5.359,1.662,2.393,1.757
Slovakia,SVK,2012,32.101,17.797,14.024,9.738,11.569,2.794,6.248,1.432,2.468,1.829
Slovakia,SVK,2013,36.193,12.418,14.045,10.01,11.833,2.644,6.799,1.446,2.431,2.181
Slovakia,SVK,2014,35.312,13.583,12.673,9.657,14.642,4.015,5.036,1.123,2.26,1.699
Slovakia,SVK,2015,32.987,12.535,14.149,9.348,16.379,2.282,6.062,1.582,2.447,2.229
Slovakia,SVK,2016,36.13,13.936,13.113,9.477,13.215,2.481,6.638,1.018,2.344,1.647
Slovakia,SVK,2017,36.443,14.155,11.833,9.925,13.101,3.872,5.423,1.098,2.581,1.57
Slovakia,SVK,2018,35.695,13.741,12.472,10.526,12.865,3.04,5.616,1.197,2.61,2.238
Slovakia,SVK,2019,35.447,14.258,12.44,10.891,12.157,2.781,6.142,1.115,2.803,1.964
Slovakia,SVK,2020,35.402,13.939,12.169,10.578,14.02,2.633,6.013,0.933,2.421,1.891
Slovakia,SVK,2021,35.372,14.47,12.003,10.18,14.919,3.063,5.164,0.91,2.323,1.596
Slovakia,SVK,2022,36.23,15.924,11.831,10.897,11.775,2.321,5.563,1.073,2.61,1.774
Slovakia,SVK,2023,36.365,13.649,11.368,10.3,15.396,2.523,4.988,1.11,2.364,1.938
Slovenia,SVN,2007,37.238,13.651,12.976,13.54,9.703,3.137,3.885,1.355,2.791,1.723
Slovenia,SVN,2008,36.545,13.694,11.632,13.426,10.685,3.103,3.789,1.76,3.655,1.712
Slovenia,SVN,2009,37.112,14.002,11.466,13.407,10.241,3.093,3.707,1.607,3.57,1.797
Slovenia,SVN,2010,38.051,13.607,11.247,12.858,10.526,2.968,3.73,1.372,4.305,1.336
Slovenia,SVN,2011,38.166,13.656,11.653,12.515,11.807,2.25,3.566,1.242,3.581,1.564
Slovenia,SVN,2012,39.191,13.945,11.925,12.881,9.692,2.138,3.491,1.513,3.685,1.538
Slovenia,SVN,2013,34.087,11.89,11.309,11.251,20.989,1.664,3.162,1.285,3.053,1.31
Slovenia,SVN,2014,37.427,12.923,14.454,11.925,11.347,1.711,3.285,1.756,3.214,1.959
Slovenia,SVN,2015,37.202,13.593,13.636,11.38,12.744,1.744,3.188,1.166,3.223,2.124
Slovenia,SVN,2016,37.955,14.435,14.2,11.923,10.647,2.014,3.666,0.861,3.082,1.218
Slovenia,SVN,2017,38.516,14.841,13.181,12.356,10.205,2.018,3.628,1.094,3.133,1.026
Slovenia,SVN,2018,38.004,14.95,12.267,12.324,11.243,2.214,3.504,1.027,3.237,1.229
Slovenia,SVN,2019,38.134,15.327,11.859,12.36,10.926,2.236,3.678,0.955,3.185,1.342
Slovenia,SVN,2020,36.55,15.472,10.379,10.93,15.998,2.046,3.397,1.128,2.88,1.22
Slovenia,SVN,2021,35.977,16.662,10.267,11.713,14.081,2.386,3.501,1.071,3.004,1.34
Slovenia,SVN,2022,37.418,16.1,10.102,11.779,13.05,2.422,3.385,1.006,3.186,1.552
Slovenia,SVN,2023,36.476,15.879,9.838,11.691,13.582,2.642,3.538,1.098,3.248,2.009
South Korea,KOR,2007,16.622,10.933,15.646,15.389,19.473,7.925,3.835,4.224,2.632,3.322
South Korea,KOR,2008,17.128,10.869,16.683,15.525,18.705,8.055,3.673,3.9,2.498,2.965
South Korea,KOR,2009,16.794,11.202,14.365,15.171,20.601,7.918,3.494,4.706,2.567,3.183
South Korea,KOR,2010,17.819,12.704,15.568,15.008,18.101,7.879,3.58,3.916,2.485,2.938
South Korea,KOR,2011,18.531,12.43,15.368,14.871,18.506,8.026,3.477,3.555,2.419,2.817
South Korea,KOR,2012,19.697,12.32,15.272,14.924,17.866,7.827,3.621,3.371,2.45,2.654
South Korea,KOR,2013,20.595,12.646,15.001,15.427,15.772,8.149,3.773,3.249,2.598,2.79
South Korea,KOR,2014,21.545,13.016,14.691,15.565,15.058,7.971,3.76,3.052,2.445,2.897
South Korea,KOR,2015,22.068,13.224,14.004,15.501,14.913,7.898,3.823,3.187,2.548,2.834
South Korea,KOR,2016,22.384,13.946,13.499,15.09,14.63,7.712,3.995,3.144,2.752,2.848
South Korea,KOR,2017,22.362,14.236,13.143,15.075,14.891,7.374,3.932,3.257,2.823,2.907
South Korea,KOR,2018,22.318,15.059,12.935,15.32,14.061,7.82,3.775,3.149,3.038,2.526
South Korea,KOR,2019,22.664,15.315,12.322,15.104,14.431,7.561,3.757,3.252,3.011,2.583
South Korea,KOR,2020,24.501,14.69,12.43,13.599,15.163,7.282,3.55,3.146,2.746,2.892
South Korea,KOR,2021,24.14,15.143,11.396,14.197,15.32,7.062,3.623,3.296,2.796,3.027
South Korea,KOR,2022,24.361,15.033,13.148,13.081,15.469,6.888,3.296,3.126,2.74,2.857
Spain,ESP,2007,32.716,14.513,12.642,10.26,13.654,2.562,4.753,2.339,3.998,2.562
Spain,ESP,2008,33.306,14.647,12.449,10.227,13.316,2.445,4.726,2.581,3.928,2.376
Spain,ESP,2009,34.944,14.765,12.33,10.047,12.556,2.214,4.441,2.824,3.54,2.338
Spain,ESP,2010,36.396,14.407,12.24,9.82,12.717,2.285,4.691,1.528,3.585,2.33
Spain,ESP,2011,36.828,14.119,13.591,9.599,12.289,2.272,4.689,1.232,3.269,2.112
Spain,ESP,2012,36.037,12.692,13.54,8.489,17.74,1.902,4.123,1.146,2.452,1.88
Spain,ESP,2013,39.158,13.379,15.947,8.894,10.797,2.087,4.409,0.993,2.467,1.868
Spain,ESP,2014,39.616,13.573,15.754,9.096,10.019,1.913,4.422,1.104,2.522,1.98
Spain,ESP,2015,38.995,14,14.815,9.347,10.276,2.193,4.585,1.169,2.621,1.999
Spain,ESP,2016,40.062,14.324,14.452,9.589,9.133,2.303,4.488,1.031,2.609,2.008
Spain,ESP,2017,40.397,14.44,13.469,9.677,9.639,2.161,4.43,1.048,2.669,2.068
Spain,ESP,2018,40.436,14.338,13.418,9.492,10.241,2.044,4.281,1.019,2.692,2.039
Spain,ESP,2019,41.144,14.412,12.846,9.502,10.016,2,4.306,0.985,2.737,2.051
Spain,ESP,2020,42.651,14.745,11.386,8.963,11.34,1.818,4.043,0.888,2.307,1.859
Spain,ESP,2021,40.691,14.488,11.614,9.145,12.918,1.917,4.016,0.946,2.39,1.876
Spain,ESP,2022,39.571,14.648,12.214,9.209,12.106,2.409,4.049,1.014,2.687,2.093
Spain,ESP,2023,40.694,14.483,12.451,9.258,11.008,2.054,4.03,1.122,2.75,2.15
Sweden,SWE,2007,41.664,13.176,12.597,14.048,8.217,2.858,2.547,1.17,2.756,0.968
Sweden,SWE,2008,40.808,13.373,12.619,14.019,8.84,2.87,2.543,1.189,2.792,0.947
Sweden,SWE,2009,41.802,13.586,11.51,13.984,8.943,2.728,2.541,1.192,2.799,0.917
Sweden,SWE,2010,41.307,13.528,11.808,13.924,9.08,2.915,2.621,1.044,2.871,0.901
Sweden,SWE,2011,40.445,13.77,12.527,13.907,9.014,2.809,2.608,1.156,2.833,0.931
Sweden,SWE,2012,41.02,13.687,12.197,13.861,9.056,2.697,2.631,1.1,2.82,0.931
Sweden,SWE,2013,41.3,13.544,12.084,13.635,9.287,2.742,2.557,1.136,2.787,0.927
Sweden,SWE,2014,41.114,13.781,11.566,14.038,9.456,2.486,2.559,1.227,2.879,0.893
Sweden,SWE,2015,41.44,13.992,11.238,14.241,9.281,2.388,2.506,1.231,2.815,0.867
Sweden,SWE,2016,42.009,13.961,10.477,14.442,9.35,2.364,2.53,1.132,2.84,0.895
Sweden,SWE,2017,41.356,14.08,10.615,14.845,9.282,2.344,2.558,1.186,2.783,0.95
Sweden,SWE,2018,40.097,14.235,10.992,15.034,9.462,2.376,2.571,1.477,2.751,1.004
Sweden,SWE,2019,39.469,14.368,10.754,15.361,9.656,2.427,2.612,1.43,2.905,1.018
Sweden,SWE,2020,38.342,14.177,10.333,14.749,11.87,2.55,2.611,1.398,2.933,1.036
Sweden,SWE,2021,38.503,14.934,10.364,14.691,10.651,2.664,2.679,1.355,3.048,1.111
Sweden,SWE,2022,38.541,14.576,10.442,14.555,10.187,3.419,2.782,1.474,2.762,1.262
Sweden,SWE,2023,37.862,14.891,10.533,14.548,10.129,3.582,2.935,1.56,2.745,1.215
Switzerland,CHE,2007,39.348,5.431,14.382,15.915,11.808,2.731,4.7,0.431,3.217,2.037
Switzerland,CHE,2008,38.471,5.66,14.05,15.954,12.961,2.715,4.632,0.587,3.184,1.784
Switzerland,CHE,2009,38.376,5.76,13.677,16.057,13.265,2.625,4.634,0.555,3.092,1.958
Switzerland,CHE,2010,38.95,5.662,14,15.96,12.762,2.491,4.641,0.578,3.098,1.859
Switzerland,CHE,2011,38.82,5.893,13.783,16.082,12.649,2.485,4.804,0.563,3.101,1.822
Switzerland,CHE,2012,38.631,6.255,13.871,16.209,12.398,2.409,4.782,0.571,3.057,1.818
Switzerland,CHE,2013,39.829,6.283,13.478,15.948,11.943,2.44,4.789,0.543,2.944,1.802
Switzerland,CHE,2014,39.552,6.294,13.668,16.14,11.833,2.334,4.883,0.54,3.008,1.749
Switzerland,CHE,2015,39.454,6.324,13.656,16.252,11.788,2.29,4.912,0.566,3.001,1.759
Switzerland,CHE,2016,39.772,6.408,13.283,16.292,11.725,2.35,4.859,0.542,2.989,1.78
Switzerland,CHE,2017,39.624,6.265,13.648,16.31,11.508,2.384,4.913,0.546,3.052,1.751
Switzerland,CHE,2018,39.493,6.436,13.385,16.409,11.586,2.359,4.986,0.574,3.043,1.729
Switzerland,CHE,2019,39.263,6.572,13.028,16.658,11.678,2.475,5.007,0.607,3.025,1.685
Switzerland,CHE,2020,43.197,6.735,11.836,15.223,11.172,2.355,4.526,0.569,2.812,1.576
Switzerland,CHE,2021,39.564,7.731,12.041,15.628,13.1,2.215,4.597,0.574,2.988,1.562
Switzerland,CHE,2022,38.877,7.045,12.739,16.474,12.264,2.471,4.944,0.622,2.95,1.614
Switzerland,CHE,2023,39.313,6.644,12.69,16.914,11.799,2.614,4.872,0.615,2.898,1.642
United Kingdom,GBR,2007,34.678,15.864,10.703,13.798,6.867,5.212,5.569,2.936,2.159,2.213
United Kingdom,GBR,2008,33.27,15.47,10.06,13.037,10.945,5.269,5.239,2.683,2.105,1.923
United Kingdom,GBR,2009,35.226,16.282,9.046,13.139,8.379,5.349,5.322,3.092,2.097,2.068
United Kingdom,GBR,2010,35.329,16.047,11.387,13.223,6.871,5.355,5.109,2.607,2.039,2.033
United Kingdom,GBR,2011,36.226,16.118,12.437,12.701,6.214,5.38,4.906,2.121,1.979,1.918
United Kingdom,GBR,2012,37.143,16.092,11.617,12.249,7.491,5.192,4.812,1.714,1.884,1.806
United Kingdom,GBR,2013,37.608,16.753,12.517,12.094,6.447,5.03,4.664,1.419,1.699,1.768
United Kingdom,GBR,2014,37.341,17.318,11.948,12.331,6.823,4.881,4.451,1.405,1.641,1.862
United Kingdom,GBR,2015,37.702,17.775,10.991,12.258,7.144,4.706,4.42,1.559,1.615,1.83
United Kingdom,GBR,2016,37.473,18.181,11.233,12.209,7.242,4.564,4.34,1.437,1.522,1.799
United Kingdom,GBR,2017,36.408,18.005,11.71,12.245,7.754,4.533,4.392,1.642,1.57,1.743
United Kingdom,GBR,2018,36.41,18.381,11.619,12.079,7.818,4.501,4.403,1.653,1.497,1.638
United Kingdom,GBR,2019,36.1,18.685,10.84,11.984,8.219,4.831,4.368,1.916,1.47,1.586
United Kingdom,GBR,2020,32.257,18.981,10.343,10.433,15.869,4.133,3.927,1.467,1.219,1.37
United Kingdom,GBR,2021,33.33,20.359,9.834,11.068,12.104,4.46,4.308,1.696,1.343,1.497
United Kingdom,GBR,2022,32.662,19.134,13.889,10.633,9.811,4.554,4.516,1.92,1.365,1.517
United Kingdom,GBR,2023,32.871,18.627,13.639,10.26,10.452,4.798,4.588,1.963,1.257,1.547
United States,USA,2007,17.933,20.573,16.178,16.706,9.833,10.573,5.697,1.666,0.842,0
United States,USA,2008,19.412,20.119,15.052,16.22,10.241,10.842,5.614,1.684,0.815,0
United States,USA,2009,19.991,20.151,14.762,15.601,9.71,10.676,5.362,2.982,0.765,0
United States,USA,2010,20.864,20.495,14.763,15.562,9.244,10.855,5.255,2.231,0.731,0
United States,USA,2011,20.496,20.973,15.26,15.507,9.07,10.773,5.211,2.011,0.699,0
United States,USA,2012,20.277,21.53,15.5,15.599,9.059,10.453,5.211,1.685,0.686,0
United States,USA,2013,20.637,22.146,15.159,16.011,9.068,9.63,5.254,1.404,0.69,0
United States,USA,2014,20.383,23.207,15.033,15.981,8.96,9.074,5.287,1.378,0.697,0
United States,USA,2015,20.504,24.13,14.66,16.027,8.651,8.654,5.316,1.347,0.711,0
United States,USA,2016,20.205,24.426,14.786,15.945,8.926,8.359,5.273,1.349,0.731,0
United States,USA,2017,20.046,24.546,14.805,15.863,9.001,8.312,5.225,1.476,0.726,0
United States,USA,2018,19.805,24.602,15.086,15.658,9.068,8.472,5.256,1.327,0.727,0
United States,USA,2019,19.774,24.876,15.162,15.32,8.983,8.654,5.219,1.285,0.727,0
United States,USA,2020,25.359,22.388,12.082,12.708,13.988,7.374,4.426,1.094,0.579,0
United States,USA,2021,26.473,22.796,12.177,12.607,12.398,7.099,4.306,1.593,0.553,0
United States,USA,2022,21.712,26.502,15.081,14.472,7.627,7.779,4.874,1.316,0.636,0
United States,USA,2023,20.155,25.85,17.557,13.84,8.27,7.78,4.738,1.201,0.609,0
